OBJECTID,ROAD_NAME,STATUS,PROJ_NAME,TYPE,TOWN,Shape__Length
1,HIGH ST,UNDER DESIGN 2015,BLACKSTONE RIVER BIKEWAY,PROPOSED PATH,CENTRAL FALLS,921.72412085672
2,PITMAN ST,UNDER DESIGN 2015,BLACKSTONE RIVER BIKEWAY,PROPOSED PATH,PROVIDENCE,186.892024130536
3,RIVER ST,UNDER DESIGN 2015,BLACKSTONE RIVER BIKEWAY,PROPOSED PATH,CENTRAL FALLS,226.922523554153
4,BLACKSTONE BLVD,UNDER DESIGN 2015,BLACKSTONE RIVER BIKEWAY,BIKE LANES,PROVIDENCE,8419.11716097091
5,BOWLES CT,UNDER DESIGN 2015,BLACKSTONE RIVER BIKEWAY,PROPOSED PATH,PAWTUCKET,275.595898441278
6,PLEASANT ST,UNDER DESIGN 2015,BLACKSTONE RIVER BIKEWAY,PROPOSED PATH,PAWTUCKET,3111.17350555879
7,SAMOSET AVE,UNDER DESIGN 2015,BLACKSTONE RIVER BIKEWAY,PROPOSED PATH,CENTRAL FALLS,424.533584803441
8,NA,UNDER DESIGN 2015,BLACKSTONE RIVER BIKEWAY,PROPOSED PATH,CENTRAL FALLS,1866.29563106559
9,COURTLAND ST,UNDER DESIGN 2015,BLACKSTONE RIVER BIKEWAY,PROPOSED PATH,CENTRAL FALLS,468.102358165906
10,ALFRED STONE RD,COMPLETED,BLACKSTONE RIVER BIKEWAY,PATH,PROVIDENCE,1984.87660176592
11,BLACKSTONE BLVD,COMPLETED,BLACKSTONE RIVER BIKEWAY,PATH,PROVIDENCE,8551.8517840465
12,IRVING RD,COMPLETED,BLACKSTONE RIVER BIKEWAY,PATH,PROVIDENCE,1522.87958845349
13,GULF ST,COMPLETED,BLACKSTONE RIVER BIKEWAY,PATH,PROVIDENCE,2685.08540279302
14,E RIVER RD,UNDER DESIGN 2015,BLACKSTONE RIVER BIKEWAY,PROPOSED PATH,PROVIDENCE,946.913373487943
15,NA,UNDER DESIGN 2015,BLACKSTONE RIVER BIKEWAY,PROPOSED PATH,PROVIDENCE,3894.80230233916
16,NA,COMPLETED,EAST BAY BIKE PATH,PATH,BRISTOL,23.0935575222058
17,NA,COMPLETED,CRANSTON WASHINGTON SECONDARY BIKE PATH,PATH,CRANSTON,13197.2070661565
18,NA,COMPLETED,WASHINGTON SECONDARY BIKE PATH,PATH,WARWICK,7093.84180332536
19,NA,COMPLETED,CRANSTON WASHINGTON SECONDARY BIKE PATH,PATH,CRANSTON,4508.03039774234
20,NA,COMPLETED,WASHINGTON SECONDARY BIKE PATH,PATH,WEST WARWICK,4045.5172900659
21,NA,COMPLETED,CRANSTON WASHINGTON SECONDARY BIKE PATH,PATH,CRANSTON,10719.7088730644
22,TAFT ST,UNDER DESIGN 2015,BLACKSTONE RIVER BIKEWAY,PROPOSED PATH,PAWTUCKET,8738.87725292208
23,TAFT ST,UNDER DESIGN 2015,BLACKSTONE RIVER BIKEWAY,PROPOSED PATH,PAWTUCKET,2050.33552905561
24,NA,COMPLETED,WASHINGTON SECONDARY BIKE PATH,PATH,COVENTRY,8975.16350480576
25,NA,COMPLETED,WASHINGTON SECONDARY BIKE PATH,PATH,COVENTRY,2664.0076990644
26,NA,COMPLETED,WASHINGTON SECONDARY BIKE PATH,PATH,COVENTRY,5984.75957518983
27,NA,COMPLETED,WASHINGTON SECONDARY BIKE PATH,PATH,COVENTRY,10724.847252162
28,NA,COMPLETED,WASHINGTON SECONDARY BIKE PATH,PATH,COVENTRY,17609.6853874274
29,NA,DROPPED,BLACKSTONE RIVER BIKEWAY,OLD PROPOSED PATH,CUMBERLAND,360.311934794325
30,NA,COMPLETED,CRANSTON WASHINGTON SECONDARY BIKE PATH,PATH,CRANSTON,144.627191400137
31,NA,COMPLETED,CRANSTON WASHINGTON SECONDARY BIKE PATH,PATH,CRANSTON,2624.58744989954
32,NA,COMPLETED,I-295 VISITOR CENTER,PATH,LINCOLN,3128.23000370103
33,NA,COMPLETED,NORTHWEST TRAIL-WOONASQUATUCKET RIVER BIKEWAY,PATH,JOHNSTON,226.980150396163
34,NA,COMPLETED,BLACKSTONE RIVER BIKEWAY,PATH,LINCOLN,2345.24307285821
35,BURMA ROAD,COMPLETED,BURMA ROAD,BIKE LANES,MIDDLETOWN,10199.1301273737
36,KING PHILLIP ST,COMPLETED,NORTHWEST TRAIL-WOONASQUATUCKET RIVER BIKEWAY,PATH,JOHNSTON,2054.75452961601
37,KING PHILLIP ST,COMPLETED,NORTHWEST TRAIL-WOONASQUATUCKET RIVER BIKEWAY,PATH,PROVIDENCE,449.890929217168
38,NA,COMPLETED,NORTHWEST TRAIL-WOONASQUATUCKET RIVER BIKEWAY,PATH,PROVIDENCE,2903.18754060019
39,NA,COMPLETED,NORTHWEST TRAIL-WOONASQUATUCKET RIVER BIKEWAY,PATH,PROVIDENCE,3275.25657012201
40,NA,COMPLETED,NORTHWEST TRAIL-WOONASQUATUCKET RIVER BIKEWAY,PATH,JOHNSTON,653.19947322591
41,NA,COMPLETED,NORTHWEST TRAIL-WOONASQUATUCKET RIVER BIKEWAY,PATH,PROVIDENCE,524.827710771886
42,NA,COMPLETED,NORTHWEST TRAIL-WOONASQUATUCKET RIVER BIKEWAY,PATH,PROVIDENCE,97.9390508059889
43,NA,COMPLETED,NORTHWEST TRAIL-WOONASQUATUCKET RIVER BIKEWAY,PATH,PROVIDENCE,742.885608476212
44,NA,COMPLETED,NORTHWEST TRAIL-WOONASQUATUCKET RIVER BIKEWAY,PATH,JOHNSTON,5891.82543541966
45,NEWCOMB RD,COMPLETED,QUONSET BIKE PATH,PATH,NORTH KINGSTOWN,12281.8184649877
46,NA,UNDER DESIGN 2015,PROVIDENCE RIVER PEDESTRIAN BRIDGE,PEDESTRIAN BRIDGE,PROVIDENCE,3287.62712491372
47,NA,UNDER DESIGN 2015,PROVIDENCE RIVER PEDESTRIAN BRIDGE,PEDESTRIAN BRIDGE,PROVIDENCE,159.60515179973
48,GRECO LANE,COMPLETED,NORTHWEST TRAIL-WOONASQUATUCKET RIVER BIKEWAY,LOCAL BIKE ROUTE,PROVIDENCE,318.020187917637
49,DELAINE ST,COMPLETED,NORTHWEST TRAIL-WOONASQUATUCKET RIVER BIKEWAY,LOCAL BIKE ROUTE,PROVIDENCE,1002.68518923278
50,CHASE ST,COMPLETED,BLACKSTONE RIVER BIKEWAY,PATH,CUMBERLAND,695.404426328909
51,MEETING ST,COMPLETED,BLACKSTONE RIVER BIKEWAY,PATH,CUMBERLAND,341.112495845961
52,NA,COMPLETED,BLACKSTONE RIVER BIKEWAY,PATH,CUMBERLAND,1843.48146245679
53,FRONT ST,COMPLETED,BLACKSTONE RIVER BIKEWAY,PATH,LINCOLN,4684.63070924064
54,NA,COMPLETED,BLACKSTONE RIVER BIKEWAY,LOCAL BIKE ROUTE,CUMBERLAND,464.188573664314
55,SILVA ST,COMPLETED,BLACKSTONE RIVER BIKEWAY,PATH,CUMBERLAND,582.092407544013
56,JOHN ST,COMPLETED,BLACKSTONE RIVER BIKEWAY,PATH,CUMBERLAND/LINCOLN,540.264128805267
57,TITUS ST,COMPLETED,BLACKSTONE RIVER BIKEWAY,PATH,CUMBERLAND,510.385807974865
58,CHAMBERS ST,COMPLETED,BLACKSTONE RIVER BIKEWAY,PATH,CUMBERLAND/LINCOLN,504.099095013311
59,NA,DROPPED,BLACKSTONE RIVER BIKEWAY,OLD PROPOSED PATH,CUMBERLAND,1816.20607932184
60,PILGRIM PKWY,COMPLETED,WARWICK-EAST GREENWICH BICYCLE NETWORK,LOCAL BIKE ROUTE,WARWICK,3970.9620483459
61,SCITUATE AVE,COMPLETED,STRIPPED,STATEWIDE ROUTE,SCITUATE,14046.2490570389
62,TUNK HILL RD,COMPLETED,STRIPPED,STATEWIDE ROUTE,SCITUATE,5874.29013667869
63,ALGONQAUIN DR,COMPLETED,WARWICK-EAST GREENWICH BICYCLE NETWORK,LOCAL BIKE ROUTE,WARWICK,1078.50342734463
64,HOPE ROAD,COMPLETED,CRANSTON CROSS-CITY BICYCLE CORRIDOR,LOCAL BIKE ROUTE,CRANSTON,16417.9786915292
65,SEVEN MILE ROAD,COMPLETED,CRANSTON CROSS-CITY BICYCLE CORRIDOR,LOCAL BIKE ROUTE,CRANSTON,9902.97169424594
66,NA,COMPLETED,WASHINGTON SECONDARY BIKE PATH,PATH,WARWICK,1103.09489848417
67,NA,COMPLETED,WASHINGTON SECONDARY BIKE PATH,PATH,WARWICK,891.977291267006
68,BEACH AVE,COMPLETED,WARWICK-EAST GREENWICH BICYCLE NETWORK,LOCAL BIKE ROUTE,WARWICK,593.719610408497
69,WEST SHORE ROAD,COMPLETED,WARWICK-EAST GREENWICH BICYCLE NETWORK,LOCAL BIKE ROUTE,WARWICK,7130.27587666785
70,STOKES ST,COMPLETED,WARWICK-EAST GREENWICH BICYCLE NETWORK,LOCAL BIKE ROUTE,WARWICK,154.425421816152
71,BELMAN AVE,COMPLETED,WARWICK-EAST GREENWICH BICYCLE NETWORK,LOCAL BIKE ROUTE,WARWICK,2168.93005764298
72,SHAWOMET  AVE,COMPLETED,WARWICK-EAST GREENWICH BICYCLE NETWORK,LOCAL BIKE ROUTE,WARWICK,4179.89393321736
73,BEACH AVE,COMPLETED,WARWICK-EAST GREENWICH BICYCLE NETWORK,LOCAL BIKE ROUTE,WARWICK,2928.94968120249
74,HARBOR AVE,COMPLETED,WARWICK-EAST GREENWICH BICYCLE NETWORK,LOCAL BIKE ROUTE,WARWICK,1350.47096887289
75,MATTESON AVE,COMPLETED,WARWICK-EAST GREENWICH BICYCLE NETWORK,LOCAL BIKE ROUTE,WARWICK,252.579780044312
76,VICTORY HWY,COMPLETED,STRIPPED,STATEWIDE ROUTE,WEST GREENWICH,732.555930133126
77,MAIN ST,COMPLETED,STRIPPED,STATEWIDE ROUTE,COVENTRY,2722.43076036361
78,PALMER AVE,COMPLETED,WARWICK-EAST GREENWICH BICYCLE NETWORK,LOCAL BIKE ROUTE,WARWICK,4788.02179204364
79,ROCKY POINT AVE,COMPLETED,WARWICK-EAST GREENWICH BICYCLE NETWORK,LOCAL BIKE ROUTE,WARWICK,1969.82275803198
80,WARWICK NECK AVE,COMPLETED,WARWICK-EAST GREENWICH BICYCLE NETWORK,LOCAL BIKE ROUTE,WARWICK,4140.16097058002
81,GREENVILLE RD,DROPPED,NORTHWEST BIKE TRAIL,DROPPED BIKE PROJECT,NORTH SMITHFIELD,3125.66466461171
82,NA,DROPPED,NORTHWEST BIKE TRAIL,DROPPED BIKE PROJECT,NORTH SMITHFIELD,6194.03538825886
83,GREENVILLE RD,DROPPED,NORTHWEST BIKE TRAIL,DROPPED BIKE PROJECT,NORTH SMITHFIELD,3973.02631388647
84,DOUGLAS PIKE,DROPPED,NORTHWEST BIKE TRAIL,DROPPED BIKE PROJECT,NORTH SMITHFIELD,6337.98288832595
85,DOUGLAS PIKE,DROPPED,NORTHWEST BIKE TRAIL,DROPPED BIKE PROJECT,NORTH SMITHFIELD,1095.46345441106
86,BRONCO HWY,DROPPED,NORTHWEST REGIONAL BIKE FACILITY,DROPPED BIKE PROJECT,BURRILLVILLE,10733.0966749846
87,MONEY HILL RD,DROPPED,NORTHWEST REGIONAL BIKE FACILITY,DROPPED BIKE PROJECT,BURRILLVILLE,5533.12661439809
88,PUTNAM PIKE,DROPPED,NORTHWEST BIKE TRAIL,DROPPED BIKE PROJECT,GLOCESTER,8801.70963487046
89,VICTORY HWY,DROPPED,NORTHWEST REGIONAL BIKE FACILITY,DROPPED BIKE PROJECT,BURRILLVILLE,717.330569842284
90,PUTNAM PIKE,DROPPED,NORTHWEST BIKE TRAIL,DROPPED BIKE PROJECT,GLOCESTER,27212.7071813212
91,FARNUM PIKE,DROPPED,NORTHWEST BIKE TRAIL,DROPPED BIKE PROJECT,SMITHFIELD,2910.84205823543
92,NA,DROPPED,NORTHWEST BIKE TRAIL,DROPPED BIKE PROJECT,SMITHFIELD,2993.70880307117
93,FARNUM PIKE,DROPPED,NORTHWEST BIKE TRAIL,DROPPED BIKE PROJECT,SMITHFIELD,1716.09215653642
94,NA,DROPPED,NORTHWEST BIKE TRAIL,DROPPED BIKE PROJECT,SMITHFIELD,10854.9118975652
95,RUSSELL LANE,DROPPED,NORTHWEST BIKE TRAIL,DROPPED BIKE PROJECT,SMITHFIELD,1206.19934925317
96,PUTNAM PIKE,DROPPED,NORTHWEST BIKE TRAIL,DROPPED BIKE PROJECT,GLOCESTER,26712.093165027
97,NA,DROPPED,NORTHWEST BIKE TRAIL,DROPPED BIKE PROJECT,SMITHFIELD,5086.27886972546
98,LELAND MOWRY DRIVE,DROPPED,NORTHWEST BIKE TRAIL,DROPPED BIKE PROJECT,SMITHFIELD,1265.4632457174
99,LELAND MOWRY DRIVE,DROPPED,NORTHWEST BIKE TRAIL,DROPPED BIKE PROJECT,SMITHFIELD,18.9736474059517
100,HILLSIDE ST,DROPPED,NORTHWEST BIKE TRAIL,DROPPED BIKE PROJECT,SMITHFIELD,1074.77643473711
101,OLD COUNTY ROAD,DROPPED,NORTHWEST BIKE TRAIL,DROPPED BIKE PROJECT,SMITHFIELD,6833.23742166664
102,OLD COUNTY ROAD,DROPPED,NORTHWEST BIKE TRAIL,DROPPED BIKE PROJECT,SMITHFIELD,1301.40946610183
103,PLEASANT VIEW AVE,DROPPED,NORTHWEST BIKE TRAIL,DROPPED BIKE PROJECT,SMITHFIELD,15434.7791110493
104,PUTNAM PIKE,DROPPED,NORTHWEST BIKE TRAIL,DROPPED BIKE PROJECT,GLOCESTER/SMITHFIELD,12492.4108289665
105,MAPLE AVE,DROPPED,NORTHWEST BIKE TRAIL,DROPPED BIKE PROJECT,SMITHFIELD,4222.13246773355
106,DEAN AVE,DROPPED,NORTHWEST BIKE TRAIL,DROPPED BIKE PROJECT,SMITHFIELD,2565.95678207531
107,SOUTH RD,DROPPED,URI/SOUTH COUNTY BIKE PATH CONNECTOR (4),DROPPED BIKE PROJECT,SOUTH KINGSTOWN,513.964992387808
108,NA,COMPLETED,WASHINGTON SECONDARY BIKE PATH,PATH,WEST WARWICK,9913.19865941211
109,NA,COMPLETED,WASHINGTON SECONDARY BIKE PATH,PATH,COVENTRY,176.024517901931
110,NA,COMPLETED,EAST BAY BIKE PATH,PATH,BRISTOL,1624.27618916201
111,GREAT RD,DROPPED,NORTHWEST BIKE TRAIL,DROPPED BIKE PROJECT,NORTH SMITHFIELD,6579.06902188166
112,VICTORY HWY,DROPPED,NORTHWEST BIKE TRAIL,DROPPED BIKE PROJECT,NORTH SMITHFIELD,8.41093303123123
113,WALLUM LAKE RD,DROPPED,NORTHWEST BIKE TRAIL,DROPPED BIKE PROJECT,BURRILLVILLE,4779.636066986
114,S SHORE RD,DROPPED,NORTHWEST BIKE TRAIL,DROPPED BIKE PROJECT,BURRILLVILLE,3786.04111188013
115,GREAT RD,DROPPED,NORTHWEST BIKE TRAIL,DROPPED BIKE PROJECT,NORTH SMITHFIELD,1072.48761444358
116,NORTH MAIN ST,DROPPED,NORTHWEST BIKE TRAIL,DROPPED BIKE PROJECT,NORTH SMITHFIELD,2713.79849895364
117,MAIN ST,DROPPED,NORTHWEST BIKE TRAIL,DROPPED BIKE PROJECT,NORTH SMITHFIELD,387.140655374803
118,RAILROAD ST,DROPPED,NORTHWEST BIKE TRAIL,DROPPED BIKE PROJECT,NORTH SMITHFIELD,1265.47223361543
119,SCHOOL ST,DROPPED,NORTHWEST BIKE TRAIL,DROPPED BIKE PROJECT,NORTH SMITHFIELD,7027.41426801024
120,NATE WHIPPLE HWY,COMPLETED,STRIPPED,STATEWIDE ROUTE,CUMBERLAND,22821.6219089996
121,DOUGLAS PIKE,DROPPED,NORTHWEST BIKE TRAIL,DROPPED BIKE PROJECT,BURRILLVILLE,7768.04992252787
122,CHAPEL ST,DROPPED,NORTHWEST REGIONAL BIKE FACILITY,DROPPED BIKE PROJECT,BURRILLVILLE,4770.70418045379
123,BRONCO HWY,DROPPED,NORTHWEST REGIONAL BIKE FACILITY,DROPPED BIKE PROJECT,BURRILLVILLE,10143.2446481629
124,EAST AVE,DROPPED,NORTHWEST REGIONAL BIKE FACILITY,DROPPED BIKE PROJECT,BURRILLVILLE,9672.37375496733
125,HARRISVILLE MAIN RD,DROPPED,NORTHWEST REGIONAL BIKE FACILITY,DROPPED BIKE PROJECT,BURRILLVILLE,403.176273996383
126,WALLUM LAKE RD,DROPPED,NORTHWEST BIKE TRAIL,DROPPED BIKE PROJECT,BURRILLVILLE,22536.7785451419
127,MAIN ST,DROPPED,NORTHWEST REGIONAL BIKE FACILITY,DROPPED BIKE PROJECT,BURRILLVILLE,2860.64737614211
128,NA,DROPPED,NORTHWEST BIKE TRAIL,DROPPED BIKE PROJECT,BURRILLVILLE,24078.8743466359
129,BRONCO HWY,DROPPED,NORTHWEST REGIONAL BIKE FACILITY,DROPPED BIKE PROJECT,BURRILLVILLE,2893.44056393523
130,MAIN ST,DROPPED,NORTHWEST REGIONAL BIKE FACILITY,DROPPED BIKE PROJECT,BURRILLVILLE,1933.58540132085
131,CHURCH ST,DROPPED,NORTHWEST BIKE TRAIL,DROPPED BIKE PROJECT,BURRILLVILLE,4576.0301296385
132,HIGH ST,DROPPED,NORTHWEST BIKE TRAIL,DROPPED BIKE PROJECT,BURRILLVILLE,565.510422778546
133,DOUGLAS PIKE,DROPPED,NORTHWEST BIKE TRAIL,DROPPED BIKE PROJECT,NORTH SMITHFIELD,7620.33757188675
134,PROVIDENCE PIKE,DROPPED,NORTHWEST BIKE TRAIL,DROPPED BIKE PROJECT,NORTH SMITHFIELD,17795.712625255
135,GEOCKEL AVE,COMPLETED,CRANSTON CROSS-CITY BICYCLE CORRIDOR,LOCAL BIKE ROUTE,CRANSTON,555.183905369843
136,POST ROAD,COMPLETED,WARWICK-EAST GREENWICH BICYCLE NETWORK,LOCAL BIKE ROUTE,WARWICK,473.959560838929
137,FAIRWEATHER AVE,COMPLETED,CRANSTON CROSS-CITY BICYCLE CORRIDOR,LOCAL BIKE ROUTE,CRANSTON,1795.52085736086
138,DEAN PARKWAY,COMPLETED,CRANSTON CROSS-CITY BICYCLE CORRIDOR,LOCAL BIKE ROUTE,CRANSTON,6389.55035029751
139,NEWMARKET ST,COMPLETED,CRANSTON CROSS-CITY BICYCLE CORRIDOR,LOCAL BIKE ROUTE,CRANSTON,255.980998769334
140,HERSEY ROAD,COMPLETED,CRANSTON CROSS-CITY BICYCLE CORRIDOR,LOCAL BIKE ROUTE,CRANSTON,97.6847733742871
141,PONTIAC AVE,COMPLETED,CRANSTON CROSS-CITY BICYCLE CORRIDOR,LOCAL BIKE ROUTE,CRANSTON,86.9225486618494
142,LAWNACRE DR,COMPLETED,CRANSTON CROSS-CITY BICYCLE CORRIDOR,LOCAL BIKE ROUTE,CRANSTON,4594.58649521089
143,GARDNER AVE,COMPLETED,CRANSTON CROSS-CITY BICYCLE CORRIDOR,LOCAL BIKE ROUTE,CRANSTON,1397.81799484655
144,WELLINGTON AVE,COMPLETED,CRANSTON CROSS-CITY BICYCLE CORRIDOR,LOCAL BIKE ROUTE,CRANSTON,1839.90103190366
145,HOWLAND ROAD,COMPLETED,CRANSTON CROSS-CITY BICYCLE CORRIDOR,LOCAL BIKE ROUTE,CRANSTON,574.177280187748
146,HAMPSHIRE ROAD,COMPLETED,CRANSTON CROSS-CITY BICYCLE CORRIDOR,LOCAL BIKE ROUTE,CRANSTON,402.427364093537
147,PHENIX AVE,COMPLETED,CRANSTON CROSS-CITY BICYCLE CORRIDOR,LOCAL BIKE ROUTE,CRANSTON,9092.71538028058
148,FAIR ST,COMPLETED,WARWICK-EAST GREENWICH BICYCLE NETWORK,LOCAL BIKE ROUTE,WARWICK,5294.3267597482
149,CLEARWATER ST,COMPLETED,WARWICK-EAST GREENWICH BICYCLE NETWORK,LOCAL BIKE ROUTE,WARWICK,632.030019286147
150,NARRAGANSETT PKWY,COMPLETED,WARWICK-EAST GREENWICH BICYCLE NETWORK,LOCAL BIKE ROUTE,WARWICK,9441.7822658846
151,NARRAGANSETT PKWY,COMPLETED,WARWICK-EAST GREENWICH BICYCLE NETWORK,LOCAL BIKE ROUTE,WARWICK,27.0211695674951
152,SPRING GREEN ROAD,COMPLETED,WARWICK-EAST GREENWICH BICYCLE NETWORK,LOCAL BIKE ROUTE,WARWICK,948.261761827933
153,SPRING GREEN ROAD,COMPLETED,WARWICK-EAST GREENWICH BICYCLE NETWORK,LOCAL BIKE ROUTE,WARWICK,638.905225362626
154,FLAT RIVER ROAD,COMPLETED,STRIPPED,STATEWIDE ROUTE,COVENTRY,30208.5821881082
155,VICTORY HWY,COMPLETED,STRIPPED,STATEWIDE ROUTE,FOSTER/COVENTRY,17656.1742326381
156,NA,DROPPED,TEN MILE RIVER GREENWAY,PROPOSED PATH,EAST PROVIDENCE,1217.75133760383
157,SPRINGFIELD AVE,COMPLETED,NORTHWEST TRAIL-WOONASQUATUCKET RIVER BIKEWAY,PROPOSED ROUTE,JOHNSTON,311.301400585794
158,NA,UNDER DESIGN 2015,TEN MILE RIVER GREENWAY,PATH,EAST PROVIDENCE,254.011694510483
159,NA,DROPPED,TEN MILE RIVER GREENWAY,PATH,EAST PROVIDENCE,81.7163297400479
160,ACORN ST,COMPLETED,NORTHWEST TRAIL-WOONASQUATUCKET RIVER BIKEWAY,BIKE LANES,PROVIDENCE,162.804553898575
161,NA,UNDER DESIGN 2015,TEN MILE RIVER GREENWAY,PROPOSED PATH,EAST PROVIDENCE,2034.39166097575
162,NA,DROPPED,SOUTH ELMWOOD SPUR,SPUR,CRANSTON,3576.83656117859
163,BUDLONG ROAD,COMPLETED,CRANSTON CROSS-CITY BICYCLE CORRIDOR,LOCAL BIKE ROUTE,CRANSTON,528.178378312201
164,NA,COMPLETED,CRANSTON CROSS-CITY BICYCLE CORRIDOR,LOCAL BIKE ROUTE,CRANSTON,230.935285308314
165,COMMERCIAL ST,COMPLETED,BIKE LANES,BIKE LANES,CRANSTON,538.104127054498
166,SHELDON ST,COMPLETED,BIKE LANES,BIKE LANES,CRANSTON,364.676505903017
167,BROAD ST,COMPLETED,BIKE LANES,BIKE LANES,CRANSTON,585.695440690092
168,MAPLETON ST,COMPLETED,CRANSTON CROSS-CITY BICYCLE CORRIDOR,LOCAL BIKE ROUTE,CRANSTON,1725.96227945421
169,PARK VIEW BLVD,COMPLETED,CRANSTON CROSS-CITY BICYCLE CORRIDOR,LOCAL BIKE ROUTE,CRANSTON,1082.95932778178
170,DRESDEN ST,COMPLETED,CRANSTON CROSS-CITY BICYCLE CORRIDOR,LOCAL BIKE ROUTE,CRANSTON,854.447427471458
171,PIERCE AVE,COMPLETED,CRANSTON CROSS-CITY BICYCLE CORRIDOR,LOCAL BIKE ROUTE,CRANSTON,201.518872667738
172,SCITUATE AVE,COMPLETED,CRANSTON CROSS-CITY BICYCLE CORRIDOR,LOCAL BIKE ROUTE,CRANSTON,5891.80186158426
173,SCITUATE AVE,COMPLETED,CRANSTON CROSS-CITY BICYCLE CORRIDOR,LOCAL BIKE ROUTE,CRANSTON,69.3050946343169
174,GARDEN CITY BYWAY,COMPLETED,CRANSTON CROSS-CITY BICYCLE CORRIDOR,LOCAL BIKE ROUTE,CRANSTON,553.93389819374
175,WAYSIDE DRIVE,COMPLETED,CRANSTON CROSS-CITY BICYCLE CORRIDOR,LOCAL BIKE ROUTE,CRANSTON,986.631487459083
176,SECOND AVE,COMPLETED,CRANSTON CROSS-CITY BICYCLE CORRIDOR,LOCAL BIKE ROUTE,CRANSTON,1789.21868497416
177,WELLINGTON AVE,COMPLETED,CRANSTON CROSS-CITY BICYCLE CORRIDOR,LOCAL BIKE ROUTE,CRANSTON,996.475442011876
178,BROAD ST,COMPLETED,BIKE LANES,BIKE LANES,CRANSTON,575.725934833357
179,BROAD ST,COMPLETED,BIKE LANES,LOCAL BIKE ROUTE,CRANSTON,55.0916578053995
180,NANNAQUAKET ROAD,DROPPED,AQUIDNECK ISLAND BIKE PATH,PROPOSED PATH,TIVERTON,8848.69244236068
181,NOOSENECK HILL ROAD,COMPLETED,STRIPPED,STATEWIDE ROUTE,WEST GREENWICH,23588.7478828146
182,VICTORY HWY,COMPLETED,STRIPPED,STATEWIDE ROUTE,COVENTRY/W GREEN/EXETER,38889.5373066667
183,MAIN ROAD,DROPPED,AQUIDNECK ISLAND BIKE PATH,PROPOSED PATH,TIVERTON,2392.9952274554
184,SEAPOWET AVE,DROPPED,AQUIDNECK ISLAND BIKE PATH,PROPOSED PATH,TIVERTON,11555.9044169302
185,SAND HILL COVE ROAD,COMPLETED,STRIPPED,STATEWIDE ROUTE,NARRAGANSETT,6347.86100918974
186,NA,COMPLETED,BLACKSTONE RIVER BIKEWAY,PATH,LINCOLN,6395.03172989439
187,PROMENADE ST,COMPLETED,NORTHWEST TRAIL-WOONASQUATUCKET RIVER BIKEWAY,BIKE LANES,PROVIDENCE,3147.11063281425
188,KINSLEY ST,COMPLETED,NORTHWEST TRAIL-WOONASQUATUCKET RIVER BIKEWAY,BIKE LANES,PROVIDENCE,3190.0987257436
189,KINSLEY ST,COMPLETED,NORTHWEST TRAIL-WOONASQUATUCKET RIVER BIKEWAY,BIKE LANES,PROVIDENCE,1871.71943206342
190,AMHURST ST,COMPLETED,NORTHWEST TRAIL-WOONASQUATUCKET RIVER BIKEWAY,LOCAL BIKE ROUTE,PROVIDENCE,206.126884152474
191,TERESEA ST,COMPLETED,NORTHWEST TRAIL-WOONASQUATUCKET RIVER BIKEWAY,PATH,PROVIDENCE,1146.9263276773
192,GLENGRIDGE AVE,COMPLETED,NORTHWEST TRAIL-WOONASQUATUCKET RIVER BIKEWAY,PATH,PROVIDENCE,229.487311274319
193,MANTON AVE,COMPLETED,NORTHWEST TRAIL-WOONASQUATUCKET RIVER BIKEWAY,LOCAL BIKE ROUTE,PROVIDENCE,666.060157542964
194,GANSETT AVE,COMPLETED,CRANSTON CROSS-CITY BICYCLE CORRIDOR,LOCAL BIKE ROUTE,CRANSTON,88.7746880032357
195,TRAINOR ST,COMPLETED,CRANSTON CROSS-CITY BICYCLE CORRIDOR,LOCAL BIKE ROUTE,CRANSTON,1213.1601234032
196,TRAINOR ST,COMPLETED,CRANSTON CROSS-CITY BICYCLE CORRIDOR,LOCAL BIKE ROUTE,CRANSTON,14.7796944779642
197,ALLENS AVE/PROVIDENCE,COMPLETED,BIKE LANES,BIKE LANES,PROVIDENCE,6785.33154402287
198,PEERLESS ST,COMPLETED,CRANSTON CROSS-CITY BICYCLE CORRIDOR,LOCAL BIKE ROUTE,CRANSTON,242.077281298475
199,FIAT AVE,COMPLETED,CRANSTON CROSS-CITY BICYCLE CORRIDOR,LOCAL BIKE ROUTE,CRANSTON,2388.21953783332
200,PLAINFIELD PIKE,COMPLETED,STRIPPED,STATEWIDE ROUTE,SCITUATE/CRANSTON,7618.33775969383
201,DYER AVE,COMPLETED,CRANSTON CROSS-CITY BICYCLE CORRIDOR,LOCAL BIKE ROUTE,CRANSTON,974.497414668357
202,NARRAGANSETT BLVD,COMPLETED,BIKE LANES,BIKE LANES,PROVIDENCE,2114.60416767918
203,GRAND AVE,COMPLETED,CRANSTON CROSS-CITY BICYCLE CORRIDOR,LOCAL BIKE ROUTE,CRANSTON,700.185015792558
204,WHEELER AVE,COMPLETED,CRANSTON CROSS-CITY BICYCLE CORRIDOR,LOCAL BIKE ROUTE,CRANSTON,2403.81773490607
205,PONTIAC AVE,COMPLETED,CRANSTON CROSS-CITY BICYCLE CORRIDOR,LOCAL BIKE ROUTE,CRANSTON,242.58456694533
206,LEGION WAY,COMPLETED,CRANSTON CROSS-CITY BICYCLE CORRIDOR,LOCAL BIKE ROUTE,CRANSTON,3741.5346188477
207,GRACE ST,COMPLETED,CRANSTON CROSS-CITY BICYCLE CORRIDOR,LOCAL BIKE ROUTE,CRANSTON,216.139524036684
208,ELDRIDGE ST,COMPLETED,CRANSTON CROSS-CITY BICYCLE CORRIDOR,LOCAL BIKE ROUTE,CRANSTON,436.78630931784
209,UXBRIDGE ST,COMPLETED,CRANSTON CROSS-CITY BICYCLE CORRIDOR,LOCAL BIKE ROUTE,CRANSTON,62.0657926638101
210,POND ST,COMPLETED,CRANSTON CROSS-CITY BICYCLE CORRIDOR,LOCAL BIKE ROUTE,CRANSTON,1861.83594120489
211,CRANSTON ST,COMPLETED,CRANSTON CROSS-CITY BICYCLE CORRIDOR,LOCAL BIKE ROUTE,CRANSTON,126.671022682664
212,UXBRIDGE ST,COMPLETED,CRANSTON CROSS-CITY BICYCLE CORRIDOR,LOCAL BIKE ROUTE,CRANSTON,1825.91559536601
213,VALLETTE ST,COMPLETED,CRANSTON CROSS-CITY BICYCLE CORRIDOR,LOCAL BIKE ROUTE,CRANSTON,252.917116787026
214,AUMOND ST,COMPLETED,CRANSTON CROSS-CITY BICYCLE CORRIDOR,LOCAL BIKE ROUTE,CRANSTON,495.040372939566
215,NARRAGANSETT BLVD,COMPLETED,BIKE LANES,BIKE LANES,PROVIDENCE,1688.88976821233
216,BUDLONG ROAD,COMPLETED,CRANSTON CROSS-CITY BICYCLE CORRIDOR,LOCAL BIKE ROUTE,CRANSTON,3006.25526334622
217,HAZELTON ST,COMPLETED,CRANSTON CROSS-CITY BICYCLE CORRIDOR,LOCAL BIKE ROUTE,CRANSTON,892.609653608508
218,SHAW AVE,COMPLETED,CRANSTON CROSS-CITY BICYCLE CORRIDOR,LOCAL BIKE ROUTE,CRANSTON,1870.2277032437
219,BROAD ST,COMPLETED,CRANSTON CROSS-CITY BICYCLE CORRIDOR,LOCAL BIKE ROUTE,CRANSTON,19.9004345492016
220,INGLESIDE AVE,COMPLETED,CRANSTON CROSS-CITY BICYCLE CORRIDOR,LOCAL BIKE ROUTE,CRANSTON,113.96237856407
221,FERNCREST AVE,COMPLETED,CRANSTON CROSS-CITY BICYCLE CORRIDOR,LOCAL BIKE ROUTE,CRANSTON,2085.58507078636
222,ASHMONT ST,COMPLETED,CRANSTON CROSS-CITY BICYCLE CORRIDOR,LOCAL BIKE ROUTE,CRANSTON,498.83443696429
223,BEACHMONT AVE,COMPLETED,CRANSTON CROSS-CITY BICYCLE CORRIDOR,LOCAL BIKE ROUTE,CRANSTON,648.326492469904
224,FREDERICK C GREEN MEM BLVD,COMPLETED,CRANSTON CROSS-CITY BICYCLE CORRIDOR,LOCAL BIKE ROUTE,CRANSTON,3594.05554751529
225,HADDON HILL ROAD,COMPLETED,CRANSTON CROSS-CITY BICYCLE CORRIDOR,LOCAL BIKE ROUTE,CRANSTON,184.476782974831
226,EDGEWOOD BLVD,COMPLETED,CRANSTON CROSS-CITY BICYCLE CORRIDOR,LOCAL BIKE ROUTE,CRANSTON,993.867830456841
227,FREDERICK C GREEN MEM BLVD,COMPLETED,CRANSTON CROSS-CITY BICYCLE CORRIDOR,LOCAL BIKE ROUTE,CRANSTON,1425.19476951439
228,SCITUATE AVE,COMPLETED,CRANSTON CROSS-CITY BICYCLE CORRIDOR,LOCAL BIKE ROUTE,CRANSTON,20109.1881367775
229,PIPPIN ORCHARD RD,COMPLETED,STRIPPED,STATEWIDE ROUTE,CRANSTON,8537.00317534119
230,NARRAGANSETT BLVD,COMPLETED,BIKE LANES,BIKE LANES,CRANSTON,2998.84812135445
231,PARK VIEW BLVD,COMPLETED,CRANSTON CROSS-CITY BICYCLE CORRIDOR,LOCAL BIKE ROUTE,CRANSTON,2016.62033125056
232,CIRCUIT DR,COMPLETED,BIKE LANES,BIKE LANES,CRANSTON,180.806965416002
233,BUDLONG ROAD,COMPLETED,CRANSTON CROSS-CITY BICYCLE CORRIDOR,LOCAL BIKE ROUTE,CRANSTON,3009.42140127939
234,COMMERCIAL ST,COMPLETED,BIKE LANES,BIKE LANES,CRANSTON,122.192587483322
235,OCEAN AVE,COMPLETED,BIKE LANES,BIKE LANES,CRANSTON,572.436457241329
236,DORIC AVE,COMPLETED,CRANSTON CROSS-CITY BICYCLE CORRIDOR,LOCAL BIKE ROUTE,CRANSTON,4147.08344531886
237,DEAN ST,COMPLETED,CRANSTON CROSS-CITY BICYCLE CORRIDOR,LOCAL BIKE ROUTE,CRANSTON,283.886474095523
238,MILFORD ST,COMPLETED,CRANSTON CROSS-CITY BICYCLE CORRIDOR,LOCAL BIKE ROUTE,CRANSTON,242.598567974127
239,DEAN PARKWAY,COMPLETED,CRANSTON CROSS-CITY BICYCLE CORRIDOR,LOCAL BIKE ROUTE,CRANSTON,173.081044672471
240,MESHANTICUT DRIVE,COMPLETED,CRANSTON CROSS-CITY BICYCLE CORRIDOR,LOCAL BIKE ROUTE,CRANSTON,1000.56766194823
241,HIGHLAND ST,COMPLETED,CRANSTON CROSS-CITY BICYCLE CORRIDOR,LOCAL BIKE ROUTE,CRANSTON,1326.776692866
242,WAYSIDE DRIVE,COMPLETED,CRANSTON CROSS-CITY BICYCLE CORRIDOR,LOCAL BIKE ROUTE,CRANSTON,533.241610870392
243,WOODRIDGE ROAD,COMPLETED,CRANSTON CROSS-CITY BICYCLE CORRIDOR,LOCAL BIKE ROUTE,CRANSTON,585.722882058254
244,NA,DROPPED,SOUTH ELMWOOD SPUR,SPUR,CRANSTON,1606.55780831867
245,MILFORD ST,COMPLETED,CRANSTON CROSS-CITY BICYCLE CORRIDOR,LOCAL BIKE ROUTE,CRANSTON,815.602278237979
246,ASH AVE,COMPLETED,CRANSTON CROSS-CITY BICYCLE CORRIDOR,LOCAL BIKE ROUTE,CRANSTON,476.130644547671
247,POPPASQUASH RD,UNDER CONSTRUCTION,POPPASQUASH ROAD BIKE FACILITY,LOCAL BIKE ROUTE,BRISTOL,2926.15483234577
248,CHURCH AVE,COMPLETED,WARWICK-EAST GREENWICH BICYCLE NETWORK,LOCAL BIKE ROUTE,WARWICK,7647.4132376299
249,POINT AVE,COMPLETED,WARWICK-EAST GREENWICH BICYCLE NETWORK,LOCAL BIKE ROUTE,WARWICK,3826.89937050907
250,JULIAN ROAD,COMPLETED,WARWICK-EAST GREENWICH BICYCLE NETWORK,LOCAL BIKE ROUTE,WARWICK,630.746660388487
251,NA,DROPPED,HOPE LINE,PROPOSED PATH,SCIT/COVENTRY/W WARWICK,15285.2194192638
252,SYMONDS AVE,COMPLETED,WARWICK-EAST GREENWICH BICYCLE NETWORK,LOCAL BIKE ROUTE,WARWICK,700.884158421761
253,ECONOMY AVE,COMPLETED,WARWICK-EAST GREENWICH BICYCLE NETWORK,LOCAL BIKE ROUTE,WARWICK,144.544236235268
254,RODNEY ROAD,COMPLETED,WARWICK-EAST GREENWICH BICYCLE NETWORK,LOCAL BIKE ROUTE,WARWICK,1697.90288907211
255,WEST SHORE ROAD,COMPLETED,WARWICK-EAST GREENWICH BICYCLE NETWORK,LOCAL BIKE ROUTE,WARWICK,1518.87983152502
256,CHURCH AVE,COMPLETED,WARWICK-EAST GREENWICH BICYCLE NETWORK,LOCAL BIKE ROUTE,WARWICK,1775.71742996982
257,CEDAR SWAMP ROAD,COMPLETED,WARWICK-EAST GREENWICH BICYCLE NETWORK,LOCAL BIKE ROUTE,WARWICK,2028.34211858542
258,INGALLS RANGE ROAD,COMPLETED,WARWICK-EAST GREENWICH BICYCLE NETWORK,LOCAL BIKE ROUTE,WARWICK,2528.65540504093
259,WEST SHORE ROAD,COMPLETED,WARWICK-EAST GREENWICH BICYCLE NETWORK,LOCAL BIKE ROUTE,WARWICK,2169.58191734628
260,SANDY LANE,COMPLETED,WARWICK-EAST GREENWICH BICYCLE NETWORK,LOCAL BIKE ROUTE,WARWICK,7341.73474390871
261,WEST SHORE ROAD,COMPLETED,WARWICK-EAST GREENWICH BICYCLE NETWORK,LOCAL BIKE ROUTE,WARWICK,192.280903513759
262,INGALLS RANGE ROAD,COMPLETED,WARWICK-EAST GREENWICH BICYCLE NETWORK,LOCAL BIKE ROUTE,WARWICK,645.298182540248
263,STRAWBERRY ROAD,COMPLETED,WARWICK-EAST GREENWICH BICYCLE NETWORK,LOCAL BIKE ROUTE,WARWICK,2860.223648616
264,SANDY LANE,COMPLETED,WARWICK-EAST GREENWICH BICYCLE NETWORK,LOCAL BIKE ROUTE,WARWICK,2620.19365254523
265,WHITFORD ST,COMPLETED,WARWICK-EAST GREENWICH BICYCLE NETWORK,LOCAL BIKE ROUTE,WARWICK,603.311203295486
266,INMAN AVE,COMPLETED,WARWICK-EAST GREENWICH BICYCLE NETWORK,LOCAL BIKE ROUTE,WARWICK,2288.37345728684
267,DRAPER AVE,COMPLETED,WARWICK-EAST GREENWICH BICYCLE NETWORK,LOCAL BIKE ROUTE,WARWICK,2801.17457736056
268,BUTTONWOODS AVE,COMPLETED,WARWICK-EAST GREENWICH BICYCLE NETWORK,LOCAL BIKE ROUTE,WARWICK,1596.8053040704
269,LONGMEADOW AVE,COMPLETED,WARWICK-EAST GREENWICH BICYCLE NETWORK,LOCAL BIKE ROUTE,WARWICK,1358.35040025287
270,SAMUAL GORTON AVE,COMPLETED,WARWICK-EAST GREENWICH BICYCLE NETWORK,LOCAL BIKE ROUTE,WARWICK,11.1579155401221
271,WEST SHORE ROAD,COMPLETED,WARWICK-EAST GREENWICH BICYCLE NETWORK,LOCAL BIKE ROUTE,WARWICK,3017.06228456917
272,FLAT RIVER ROAD,COMPLETED,STRIPPED,STATEWIDE ROUTE,COVENTRY,3776.73848109656
273,SAMUAL GORTON AVE,COMPLETED,WARWICK-EAST GREENWICH BICYCLE NETWORK,LOCAL BIKE ROUTE,WARWICK,1608.14373318995
274,WEST SHORE ROAD,COMPLETED,WARWICK-EAST GREENWICH BICYCLE NETWORK,LOCAL BIKE ROUTE,WARWICK,2772.3137331314
275,WEST SHORE ROAD,COMPLETED,WARWICK-EAST GREENWICH BICYCLE NETWORK,LOCAL BIKE ROUTE,WARWICK,396.156432505818
276,NAUSAUKET ROAD,COMPLETED,WARWICK-EAST GREENWICH BICYCLE NETWORK,LOCAL BIKE ROUTE,WARWICK,1154.57247288881
277,LONG ST,COMPLETED,WARWICK-EAST GREENWICH BICYCLE NETWORK,LOCAL BIKE ROUTE,WARWICK,3098.46732131815
278,ASYLUM ROAD,COMPLETED,WARWICK-EAST GREENWICH BICYCLE NETWORK,LOCAL BIKE ROUTE,WARWICK,23.8975378283175
279,ASYLUM ROAD,COMPLETED,WARWICK-EAST GREENWICH BICYCLE NETWORK,LOCAL BIKE ROUTE,WARWICK,569.125482483647
280,BUTTONWOODS AVE,COMPLETED,WARWICK-EAST GREENWICH BICYCLE NETWORK,LOCAL BIKE ROUTE,WARWICK,2253.0413704333
281,ASYLUM ROAD,COMPLETED,WARWICK-EAST GREENWICH BICYCLE NETWORK,LOCAL BIKE ROUTE,WARWICK,1308.90145381002
282,BUTTONWOODS AVE,COMPLETED,WARWICK-EAST GREENWICH BICYCLE NETWORK,LOCAL BIKE ROUTE,WARWICK,22.5158053557295
283,LONG ST,COMPLETED,WARWICK-EAST GREENWICH BICYCLE NETWORK,LOCAL BIKE ROUTE,WARWICK,3348.89507087619
284,MAIN ST,COMPLETED,STRIPPED,STATEWIDE ROUTE,COVENTRY,3456.50060882572
285,NA, ,NORTHWEST TRAIL-WOONASQUATUCKET RIVER BIKEWAY,PATH,NORTH PROVIDENCE,12510.6727833539
286,HAMLET AVE,UNDER DESIGN 2015,BLACKSTONE RIVER BIKEWAY,PROPOSED PATH,WOONSOCKET,73.6511335288009
287,DAVISON AVE,UNDER DESIGN 2015,BLACKSTONE RIVER BIKEWAY,PROPOSED PATH,WOONSOCKET,485.398239871617
288,KINGSTOWN RD,DROPPED,STRIPPED,STATEWIDE ROUTE,SOUTH KINGSTOWN,520.725471024053
289,LYMAN AVE,COMPLETED,NORTHWEST TRAIL-WOONASQUATUCKET RIVER BIKEWAY,PROPOSED ROUTE,JOHNSTON,297.821432979841
290,NA,DROPPED,PONTIAC SECONDARY BIKE PATH,PROPOSED PATH,CRANSTON,2935.23208324775
291,NA,DROPPED,PONTIAC SECONDARY BIKE PATH,PROPOSED PATH,CRANSTON,1836.92884039063
292,MANVILLE ROAD,COMPLETED,BLACKSTONE RIVER BIKEWAY,PATH,WOONSOCKET,3527.93097437334
293,NA,DROPPED,PONTIAC SECONDARY BIKE PATH,PROPOSED PATH,CRANSTON,3774.49494729555
294,NA,DROPPED,PONTIAC SECONDARY BIKE PATH,PROPOSED PATH,CRANSTON,2562.4959093675
295,NA,DROPPED,PONTIAC SECONDARY BIKE PATH,PROPOSED PATH,CRANSTON,4186.96586849425
296,NA,DROPPED,PONTIAC SECONDARY BIKE PATH,PROPOSED PATH,CRANSTON,1547.54965870993
297,NA,COMPLETED,NORTHWEST TRAIL-WOONASQUATUCKET RIVER BIKEWAY,PATH,PROVIDENCE,1690.20930665144
298,BRANCH ST,UNDER DESIGN 2015,BLACKSTONE RIVER BIKEWAY,PROPOSED PATH,PAWTUCKET,746.44900980642
299,NA,COMPLETED,BLACKSTONE RIVER BIKEWAY,PATH,WOONSOCKET,1028.88812488526
300,NA,UNDER DESIGN 2015,CROMPTON AVE LANDFILL BIKEWAY SEGMENT,PROPOSED PATH,EAST GREENWICH,3275.35450627092
301,NA,DROPPED,WICKFORD JUNCTION BIKE PATH,DROPPED BIKE PROJECT,NORTH KINGSTOWN,14359.4472027608
302,THREE ROD HWY,DROPPED,AQUIDNECK ISLAND BIKE PATH,PROPOSED PATH,TIVERTON,2358.88019956597
303,THREE ROD HWY,DROPPED,AQUIDNECK ISLAND BIKE PATH,PROPOSED PATH,TIVERTON,983.765216979723
304,THREE ROD HWY,DROPPED,AQUIDNECK ISLAND BIKE PATH,PROPOSED PATH,TIVERTON,3162.4028752899
305,PUNCATEST NECK ROAD,DROPPED,AQUIDNECK ISLAND BIKE PATH,PROPOSED PATH,TIVERTON,6718.43723656311
306,THREE ROD HWY,DROPPED,AQUIDNECK ISLAND BIKE PATH,PROPOSED PATH,TIVERTON,1609.18597742498
307,NOOSENECK HILL ROAD,COMPLETED,STRIPPED,STATEWIDE ROUTE,EXETER/RICHMOND,22843.9383355241
308,N MAIN RD,DROPPED,CONANICUT ISLAND GREENWAY,DROPPED LOCAL BIKE ROUTE,JAMESTOWN,62.6299129480272
309,N MAIN RD,DROPPED,CONANICUT ISLAND GREENWAY,DROPPED LOCAL BIKE ROUTE,JAMESTOWN,54.2210724428349
310,NA,DROPPED,CONANICUT ISLAND GREENWAY,DROPPED LOCAL BIKE ROUTE,JAMESTOWN,1681.8227844923
311,JAMESTOWN BRIDGE,STUDY AND DEVELOPMENT,JAMESTOWN BRIDGE BIKE-PEDESTRIAN ACCESS,PROPOSED ROUTE,N KINGSTOWN / JAMESTOWN,10367.3995213175
312,HWY 138,DROPPED,CONANICUT ISLAND GREENWAY,DROPPED LOCAL BIKE ROUTE,JAMESTOWN,2683.40922971513
313,N MAIN RD,DROPPED,CONANICUT ISLAND GREENWAY,DROPPED LOCAL BIKE ROUTE,JAMESTOWN,141.445564932686
314,TASSHTASSUC RD,DROPPED,CONANICUT ISLAND GREENWAY,DROPPED LOCAL BIKE ROUTE,JAMESTOWN,1891.44627430853
315,TASSHTASSUC RD,DROPPED,CONANICUT ISLAND GREENWAY,DROPPED LOCAL BIKE ROUTE,JAMESTOWN,2133.20817501833
316,TASSHTASSUC RD,DROPPED,CONANICUT ISLAND GREENWAY,DROPPED LOCAL BIKE ROUTE,JAMESTOWN,79.4515538066936
317,WEEDEN AVE,DROPPED,CONANICUT ISLAND GREENWAY,DROPPED LOCAL BIKE ROUTE,JAMESTOWN,2149.0685604056
318,N MAIN RD,DROPPED,CONANICUT ISLAND GREENWAY,DROPPED LOCAL BIKE ROUTE,JAMESTOWN,4284.2428545643
319,S COUNTY TRL,COMPLETED,STRIPPED,STATEWIDE ROUTE,N KING/EXETER/S KINGSTOWN,35852.2232024034
320,ALUMNI AVE,DROPPED,URI/SOUTH COUNTY BIKE PATH CONNECTOR (1),LOCAL BIKE ROUTE,SOUTH KINGSTOWN,2792.7930043453
321,CORNER RD,DROPPED,URI/SOUTH COUNTY BIKE PATH CONNECTOR (1),LOCAL BIKE ROUTE,SOUTH KINGSTOWN,900.43188194969
322,PLAINS RD,DROPPED,URI/SOUTH COUNTY BIKE PATH CONNECTOR (1),LOCAL BIKE ROUTE,SOUTH KINGSTOWN,2196.27108333019
323,FRANK AVE,DROPPED,URI/SOUTH COUNTY BIKE PATH CONNECTOR (1),LOCAL BIKE ROUTE,SOUTH KINGSTOWN,1478.53266465307
324,NA,DROPPED,URI/SOUTH COUNTY BIKE PATH CONNECTOR (1),LOCAL BIKE ROUTE,SOUTH KINGSTOWN,1711.97575859856
325,FRANK AVE,DROPPED,URI/SOUTH COUNTY BIKE PATH CONNECTOR (1),LOCAL BIKE ROUTE,SOUTH KINGSTOWN,448.09461572858
326,FRANK AVE,DROPPED,URI/SOUTH COUNTY BIKE PATH CONNECTOR (1),LOCAL BIKE ROUTE,SOUTH KINGSTOWN,307.814840876222
327,KINGSTOWN RD,DROPPED,URI/SOUTH COUNTY BIKE PATH CONNECTOR,LOCAL BIKE ROUTE,SOUTH KINGSTOWN,1857.53772925542
328,KINGSTOWN RD,DROPPED,URI/SOUTH COUNTY BIKE PATH CONNECTOR,LOCAL BIKE ROUTE,SOUTH KINGSTOWN,447.83846338989
329,KINGSTOWN RD,DROPPED,URI/SOUTH COUNTY BIKE PATH CONNECTOR,LOCAL BIKE ROUTE,SOUTH KINGSTOWN,3054.50816477394
330,LOWER COLLEGE RD,DROPPED,URI/SOUTH COUNTY BIKE PATH CONNECTOR (2),LOCAL BIKE ROUTE,SOUTH KINGSTOWN,1139.69941260244
331,KINGSTOWN RD,DROPPED,URI/SOUTH COUNTY BIKE PATH CONNECTOR,LOCAL BIKE ROUTE,SOUTH KINGSTOWN,2636.89510545358
332,KINGSTOWN RD,DROPPED,URI/SOUTH COUNTY BIKE PATH CONNECTOR,LOCAL BIKE ROUTE,SOUTH KINGSTOWN,1937.21539229093
333,SOUTH RD,DROPPED,URI/SOUTH COUNTY BIKE PATH CONNECTOR (4),DROPPED BIKE PROJECT,SOUTH KINGSTOWN,2820.55255514833
334,SOUTH RD,DROPPED,URI/SOUTH COUNTY BIKE PATH CONNECTOR,DROPPED BIKE PROJECT,SOUTH KINGSTOWN,851.543594072825
335,BOSTON NECK ROAD,COMPLETED,STRIPPED,STATEWIDE ROUTE,NARRAGANSETT,49815.3844613626
336,NA,DROPPED,NARROW RIVER BIKE PATH,DROPPED BIKE PROJECT,NARRAGANSETT,9990.40701092886
337,ALTON-CAROLINA ROAD,COMPLETED,STRIPPED,STATEWIDE ROUTE,CHARLESTOWN,6652.55515272901
338,BOSTON NECK ROAD,COMPLETED,STRIPPED,STATEWIDE ROUTE,NARRAGANSETT,3630.6407406651
339,CHURCH ST,COMPLETED,STRIPPED,STATEWIDE ROUTE,RICHMOND,12886.255441002
340,BEACH ST,COMPLETED,STRIPPED,STATEWIDE ROUTE,NARRAGANSETT,3325.61441040847
341,ALTON-BRADFORD ROAD,COMPLETED,STRIPPED,STATEWIDE ROUTE,HOPKINTON,13838.2630650475
342,NORTH MAIN ST,COMPLETED,STRIPPED,STATEWIDE ROUTE,WESTERLY,512.842970580381
343,GREAT ISLAND ROAD"",COMPLETED,STRIPPED,STATEWIDE ROUTE,NARRAGANSETT,163.078489154236
344,GALILEE ESCAPE ROAD,COMPLETED,STRIPPED,STATEWIDE ROUTE,NARRAGANSETT,5878.06351162447
345,GALILEE CONNECTOR ROAD,COMPLETED,STRIPPED,STATEWIDE ROUTE,NARRAGANSETT,1806.67435361334
346,POINT JUDITH ROAD,COMPLETED,STRIPPED,STATEWIDE ROUTE,NARRAGANSETT,872.173483434121
347,OCEAN ROAD,COMPLETED,STRIPPED,STATEWIDE ROUTE,NARRAGANSETT,24835.394767709
348,POINT JUDITH ROAD,COMPLETED,STRIPPED,STATEWIDE ROUTE,NARRAGANSETT,1347.65957384551
349,DIVISION ST,COMPLETED,WARWICK-EAST GREENWICH BICYCLE NETWORK,LOCAL BIKE ROUTE,WARWICK,495.659783889695
350,POST ROAD,COMPLETED,WARWICK-EAST GREENWICH BICYCLE NETWORK,LOCAL BIKE ROUTE,WARWICK,11005.5359202076
351,DIVISION ST,COMPLETED,WARWICK-EAST GREENWICH BICYCLE NETWORK,LOCAL BIKE ROUTE,WARWICK,299.691674222924
352,KING ST,COMPLETED,WARWICK-EAST GREENWICH BICYCLE NETWORK,LOCAL BIKE ROUTE,EAST GREENWICH,623.16450689427
353,DUKE ST,COMPLETED,WARWICK-EAST GREENWICH BICYCLE NETWORK,LOCAL BIKE ROUTE,EAST GREENWICH,631.176112340079
354,PEIRCE ST,COMPLETED,WARWICK-EAST GREENWICH BICYCLE NETWORK,LOCAL BIKE ROUTE,WARWICK,1632.43756897742
355,SPRING ST,COMPLETED,WARWICK-EAST GREENWICH BICYCLE NETWORK,LOCAL BIKE ROUTE,EAST GREENWICH,11.5191987031215
356,WATER ST,COMPLETED,WARWICK-EAST GREENWICH BICYCLE NETWORK,LOCAL BIKE ROUTE,EAST GREENWICH,1768.84492083628
357,LONDON ST,COMPLETED,WARWICK-EAST GREENWICH BICYCLE NETWORK,LOCAL BIKE ROUTE,EAST GREENWICH,397.678475647921
358,PEIRCE ST,COMPLETED,WARWICK-EAST GREENWICH BICYCLE NETWORK,LOCAL BIKE ROUTE,EAST GREENWICH,377.256113253942
359,LIBERTY ST,COMPLETED,WARWICK-EAST GREENWICH BICYCLE NETWORK,LOCAL BIKE ROUTE,EAST GREENWICH,758.335637445947
360,GREENE ST,COMPLETED,WARWICK-EAST GREENWICH BICYCLE NETWORK,LOCAL BIKE ROUTE,EAST GREENWICH,690.979326953127
361,PROSPECT ST,COMPLETED,WARWICK-EAST GREENWICH BICYCLE NETWORK,LOCAL BIKE ROUTE,EAST GREENWICH,907.679295580568
362,1ST AVE,COMPLETED,WARWICK-EAST GREENWICH BICYCLE NETWORK,LOCAL BIKE ROUTE,EAST GREENWICH,1225.49508313967
363,CROMPTON AVE,COMPLETED,WARWICK-EAST GREENWICH BICYCLE NETWORK,LOCAL BIKE ROUTE,EAST GREENWICH,1691.95007433871
364,1ST AVE,COMPLETED,WARWICK-EAST GREENWICH BICYCLE NETWORK,LOCAL BIKE ROUTE,EAST GREENWICH,1928.01918649184
365,NA,DROPPED,TEN MILE RIVER GREENWAY,PROPOSED PATH,EAST PROVIDENCE,654.043560088292
366,CEDAR AVE,COMPLETED,WARWICK-EAST GREENWICH BICYCLE NETWORK,LOCAL BIKE ROUTE,EAST GREENWICH,2581.63402116619
367,FORGE ROAD,COMPLETED,WARWICK-EAST GREENWICH BICYCLE NETWORK,LOCAL BIKE ROUTE,WARWICK,2103.44729667445
368,IVES ROAD,COMPLETED,WARWICK-EAST GREENWICH BICYCLE NETWORK,LOCAL BIKE ROUTE,WARWICK,13689.6675423441
369,HIGHLAND ROAD,DROPPED,AQUIDNECK ISLAND BIKE PATH,PROPOSED PATH,TIVERTON,2388.50022827058
370,BRIDGEPORT ROAD,DROPPED,AQUIDNECK ISLAND BIKE PATH,PROPOSED PATH,TIVERTON,929.145605677265
371,NA,UNDER DESIGN 2015,TEN MILE RIVER GREENWAY,PROPOSED PATH,EAST PROVIDENCE,7444.11101973645
372,S MAIN ST,DROPPED,NORTHWEST REGIONAL BIKE FACILITY,DROPPED BIKE PROJECT,BURRILLVILLE,2186.12312332425
373,S MAIN ST,DROPPED,NORTHWEST REGIONAL BIKE FACILITY,DROPPED BIKE PROJECT,BURRILLVILLE,665.996961149941
374,S MAIN ST,DROPPED,NORTHWEST REGIONAL BIKE FACILITY,DROPPED BIKE PROJECT,BURRILLVILLE,243.001945790828
375,VICTORY HWY,DROPPED,NORTHWEST REGIONAL BIKE FACILITY,DROPPED BIKE PROJECT,BURRILLVILLE,917.177086696991
376,VICTORY HWY,DROPPED,NORTHWEST REGIONAL BIKE FACILITY,DROPPED BIKE PROJECT,BURRILLVILLE,716.538278415212
377,VICTORY HWY,DROPPED,NORTHWEST REGIONAL BIKE FACILITY,DROPPED BIKE PROJECT,GLOCESTER,700.083036744984
378,VICTORY HWY,DROPPED,NORTHWEST REGIONAL BIKE FACILITY,DROPPED BIKE PROJECT,BURRILLVILLE,1103.44741725948
379,S MAIN ST,DROPPED,NORTHWEST REGIONAL BIKE FACILITY,DROPPED BIKE PROJECT,BURRILLVILLE,533.84073400741
380,S MAIN ST,DROPPED,NORTHWEST REGIONAL BIKE FACILITY,DROPPED BIKE PROJECT,BURRILLVILLE,2114.12947918127
381,S MAIN ST,DROPPED,NORTHWEST REGIONAL BIKE FACILITY,DROPPED BIKE PROJECT,BURRILLVILLE,470.483463271047
382,VICTORY HWY,DROPPED,NORTHWEST REGIONAL BIKE FACILITY,DROPPED BIKE PROJECT,GLOCESTER,1580.94823015959
383,S MAIN ST,DROPPED,NORTHWEST REGIONAL BIKE FACILITY,DROPPED BIKE PROJECT,BURRILLVILLE,1461.52417654467
384,S MAIN ST,DROPPED,NORTHWEST REGIONAL BIKE FACILITY,DROPPED BIKE PROJECT,BURRILLVILLE,366.450324239215
385,S MAIN ST,DROPPED,NORTHWEST REGIONAL BIKE FACILITY,DROPPED BIKE PROJECT,BURRILLVILLE,809.670155686931
386,S MAIN ST,DROPPED,NORTHWEST REGIONAL BIKE FACILITY,DROPPED BIKE PROJECT,BURRILLVILLE,290.555299909829
387,S MAIN ST,DROPPED,NORTHWEST REGIONAL BIKE FACILITY,DROPPED BIKE PROJECT,BURRILLVILLE,683.054237315767
388,S MAIN ST,DROPPED,NORTHWEST REGIONAL BIKE FACILITY,DROPPED BIKE PROJECT,BURRILLVILLE,784.834820349496
389,S MAIN ST,DROPPED,NORTHWEST REGIONAL BIKE FACILITY,DROPPED BIKE PROJECT,BURRILLVILLE,504.016992565063
390,S MAIN ST,DROPPED,NORTHWEST REGIONAL BIKE FACILITY,DROPPED BIKE PROJECT,BURRILLVILLE,250.639115378084
391,VICTORY HWY,DROPPED,NORTHWEST REGIONAL BIKE FACILITY,DROPPED BIKE PROJECT,BURRILLVILLE,481.304667069116
392,S MAIN ST,DROPPED,NORTHWEST REGIONAL BIKE FACILITY,DROPPED BIKE PROJECT,BURRILLVILLE,76.2522536511454
393,S MAIN ST,DROPPED,NORTHWEST REGIONAL BIKE FACILITY,DROPPED BIKE PROJECT,BURRILLVILLE,64.312170072725
394,NORTH MAIN ST,COMPLETED,STRIPPED,STATEWIDE ROUTE,WESTERLY,512.842970580381
395,S COUNTY TRL,COMPLETED,SHORELINE BIKEWAY,PROPOSED ROUTE,CHARLESTOWN,3657.8313317445
396,S COUNTY TRL,COMPLETED,SHORELINE BIKEWAY,PROPOSED ROUTE,CHARLESTOWN,2534.07238529505
397,S COUNTY TRL,COMPLETED,SHORELINE BIKEWAY,PROPOSED ROUTE,CHARLESTOWN,259.327516418613
398,S COUNTY TRL,COMPLETED,SHORELINE BIKEWAY,PROPOSED ROUTE,CHARLESTOWN,5.71157252020753
399,S COUNTY TRL,COMPLETED,SHORELINE BIKEWAY,PROPOSED ROUTE,CHARLESTOWN,487.831080402255
400,S COUNTY TRL,COMPLETED,SHORELINE BIKEWAY,PROPOSED ROUTE,CHARLESTOWN,1770.25997750334
401,NA,STUDY AND DEVELOPMENT,TIVERTON BIKE PATH,PROPOSED PATH,TIVERTON,13483.048554458
402,S COUNTY TRL,COMPLETED,SHORELINE BIKEWAY,PROPOSED ROUTE,CHARLESTOWN,213.798983445317
403,S COUNTY TRL,COMPLETED,SHORELINE BIKEWAY,PROPOSED ROUTE,CHARLESTOWN,346.802611936032
404,S COUNTY TRL,COMPLETED,SHORELINE BIKEWAY,PROPOSED ROUTE,CHARLESTOWN,220.038214839816
405,S COUNTY TRL,COMPLETED,SHORELINE BIKEWAY,PROPOSED ROUTE,CHARLESTOWN,415.381621953575
406,S COUNTY TRL,COMPLETED,SHORELINE BIKEWAY,PROPOSED ROUTE,CHARLESTOWN,23.6771579185368
407,S COUNTY TRL,COMPLETED,SHORELINE BIKEWAY,PROPOSED ROUTE,CHARLESTOWN,103.864360614673
408,S COUNTY TRL,COMPLETED,SHORELINE BIKEWAY,PROPOSED ROUTE,CHARLESTOWN,826.776017092236
409,S COUNTY TRL,COMPLETED,SHORELINE BIKEWAY,PROPOSED ROUTE,CHARLESTOWN,90.2725697469334
410,S COUNTY TRL,COMPLETED,SHORELINE BIKEWAY,PROPOSED ROUTE,CHARLESTOWN,184.804748593725
411,VICTORY HWY,DROPPED,NORTHWEST REGIONAL BIKE FACILITY,DROPPED BIKE PROJECT,BURRILLVILLE,576.221334267789
412,VICTORY HWY,DROPPED,NORTHWEST REGIONAL BIKE FACILITY,DROPPED BIKE PROJECT,BURRILLVILLE,863.350155330792
413,VICTORY HWY,DROPPED,NORTHWEST REGIONAL BIKE FACILITY,DROPPED BIKE PROJECT,BURRILLVILLE,1374.846512881
414,BRONCHOS HWY,DROPPED,NORTHWEST REGIONAL BIKE FACILITY,DROPPED BIKE PROJECT,BURRILLVILLE,312.179533923795
415,BRONCHOS HWY,DROPPED,NORTHWEST REGIONAL BIKE FACILITY,DROPPED BIKE PROJECT,BURRILLVILLE,1044.15753913946
416,BRONCHOS HWY,DROPPED,NORTHWEST REGIONAL BIKE FACILITY,DROPPED BIKE PROJECT,BURRILLVILLE,3462.92703922084
417,MAIN ST,DROPPED,NORTHWEST REGIONAL BIKE FACILITY,DROPPED BIKE PROJECT,BURRILLVILLE,5512.71515623117
418,CAROLINA BACK RD,COMPLETED,STRIPPED,STATEWIDE ROUTE,CHARLESTOWN,1029.33202760107
419,CAROLINA BACK RD,COMPLETED,STRIPPED,STATEWIDE ROUTE,CHARLESTOWN,1613.01962683096
420,S COUNTY TRL,COMPLETED,STRIPPED,STATEWIDE ROUTE,SOUTH KINGSTOWN,2852.64990547393
421,S COUNTY TRL,COMPLETED,STRIPPED,STATEWIDE ROUTE,RICHMOND,815.542549173308
422,S COUNTY TRL,COMPLETED,STRIPPED,STATEWIDE ROUTE,RICHMOND,285.468769671414
423,S COUNTY TRL,COMPLETED,STRIPPED,STATEWIDE ROUTE,CHARLESTOWN,1242.29209715593
424,S COUNTY TRL,COMPLETED,STRIPPED,STATEWIDE ROUTE,CHARLESTOWN,591.542813840108
425,S COUNTY TRL,COMPLETED,STRIPPED,STATEWIDE ROUTE,CHARLESTOWN,673.987776289963
426,CAROLINA BACK RD,COMPLETED,STRIPPED,STATEWIDE ROUTE,CHARLESTOWN,313.548630995465
427,DUNNS CORNER RD,COMPLETED,STRIPPED,STATEWIDE ROUTE,WESTERLY,198.139626917859
428,ALTON CAROLINA RD,COMPLETED,STRIPPED,STATEWIDE ROUTE,CHARLESTOWN,78.5575839636263
429,MAIN ST,COMPLETED,STRIPPED,STATEWIDE ROUTE,WEST GREENWICH,504.070801798177
430,BRADFORD ST,COMPLETED,STRIPPED,STATEWIDE ROUTE,WESTERLY,869.058062123712
431,BRADFORD ST,COMPLETED,STRIPPED,STATEWIDE ROUTE,WESTERLY,236.866648400506
432,BRADFORD ST,COMPLETED,STRIPPED,STATEWIDE ROUTE,WESTERLY,504.67793067319
433,BRADFORD ST,COMPLETED,STRIPPED,STATEWIDE ROUTE,WESTERLY,641.808614729174
434,BRADFORD ST,COMPLETED,STRIPPED,STATEWIDE ROUTE,WESTERLY,636.349930415946
435,DUNNS CORNER RD,COMPLETED,STRIPPED,STATEWIDE ROUTE,WESTERLY,64.3210142808761
436,LANGWORTHY RD,COMPLETED,STRIPPED,STATEWIDE ROUTE,WESTERLY,173.759102127608
437,CAROLINA BACK RD,COMPLETED,STRIPPED,STATEWIDE ROUTE,CHARLESTOWN,2176.8997960672
438,CAROLINA BACK RD,COMPLETED,STRIPPED,STATEWIDE ROUTE,CHARLESTOWN,1081.45702152208
439,CAROLINA BACK RD,COMPLETED,STRIPPED,STATEWIDE ROUTE,CHARLESTOWN,3145.6861858165
440,KINGSTOWN RD,COMPLETED,STRIPPED,STATEWIDE ROUTE,SOUTH KINGSTOWN,1676.22447674753
441,NA,COMPLETED,WARWICK-EAST GREENWICH BICYCLE NETWORK,LOCAL BIKE ROUTE,WARWICK,152.282638368091
442,S COUNTY TRL,COMPLETED,STRIPPED,STATEWIDE ROUTE,CHARLESTOWN,2418.48933171464
443,S COUNTY TRL,COMPLETED,STRIPPED,STATEWIDE ROUTE,CHARLESTOWN,831.026363398123
444,S COUNTY TRL,COMPLETED,STRIPPED,STATEWIDE ROUTE,RICHMOND,2500.29301021359
445,S COUNTY TRL,COMPLETED,STRIPPED,STATEWIDE ROUTE,RICHMOND,299.462653679778
446,CAROLINA BACK RD,COMPLETED,STRIPPED,STATEWIDE ROUTE,CHARLESTOWN,1289.99136817174
447,S COUNTY TRL,COMPLETED,STRIPPED,STATEWIDE ROUTE,RICHMOND,3725.53188862806
448,CAROLINA BACK RD,COMPLETED,STRIPPED,STATEWIDE ROUTE,CHARLESTOWN,229.6113713773
449,S COUNTY TRL,COMPLETED,STRIPPED,STATEWIDE ROUTE,WEST GREENWICH,592.222806757284
450,S COUNTY TRL,COMPLETED,STRIPPED,STATEWIDE ROUTE,CHARLESTOWN,880.961752600262
451,S COUNTY TRL,COMPLETED,STRIPPED,STATEWIDE ROUTE,CHARLESTOWN,2312.80757745582
452,BRADFORD ST,COMPLETED,STRIPPED,STATEWIDE ROUTE,WESTERLY,2036.8530421824
453,BRADFORD ST,COMPLETED,STRIPPED,STATEWIDE ROUTE,WESTERLY,1031.77742164549
454,BRADFORD ST,COMPLETED,STRIPPED,STATEWIDE ROUTE,WESTERLY,195.792536796481
455,BRADFORD ST,COMPLETED,STRIPPED,STATEWIDE ROUTE,WESTERLY,47.048250170265
456,DUNNS CORNER RD,COMPLETED,STRIPPED,STATEWIDE ROUTE,WESTERLY,454.433220305403
457,NA,COMPLETED,EAST BAY BIKE PATH,PATH,BRISTOL,405.4680200248
458,S COUNTY TRL,COMPLETED,STRIPPED,STATEWIDE ROUTE,RICHMOND,2307.4837683768
459,S COUNTY TRL,COMPLETED,STRIPPED,STATEWIDE ROUTE,RICHMOND,167.464342692284
460,S COUNTY TRL,COMPLETED,STRIPPED,STATEWIDE ROUTE,RICHMOND,696.848497422733
461,S COUNTY TRL,COMPLETED,STRIPPED,STATEWIDE ROUTE,RICHMOND,78.8023255616468
462,S COUNTY TRL,COMPLETED,STRIPPED,STATEWIDE ROUTE,RICHMOND,1879.86276634847
463,S COUNTY TRL,COMPLETED,STRIPPED,STATEWIDE ROUTE,RICHMOND,223.095049993082
464,S COUNTY TRL,COMPLETED,STRIPPED,STATEWIDE ROUTE,CHARLESTOWN,815.355313355102
465,S COUNTY TRL,COMPLETED,STRIPPED,STATEWIDE ROUTE,SOUTH KINGSTOWN,3582.51308755531
466,CAROLINA BACK RD,COMPLETED,STRIPPED,STATEWIDE ROUTE,CHARLESTOWN,116.274646450745
467,S COUNTY TRL,COMPLETED,STRIPPED,STATEWIDE ROUTE,WEST GREENWICH,738.819440761851
468,S COUNTY TRL,COMPLETED,STRIPPED,STATEWIDE ROUTE,CHARLESTOWN,525.186945646086
469,S COUNTY TRL,COMPLETED,STRIPPED,STATEWIDE ROUTE,CHARLESTOWN,383.206925870236
470,BRADFORD ST,COMPLETED,STRIPPED,STATEWIDE ROUTE,WESTERLY,705.014075012957
471,BRADFORD ST,COMPLETED,STRIPPED,STATEWIDE ROUTE,WESTERLY,1049.97104481038
472,DUNNS CORNER RD,COMPLETED,STRIPPED,STATEWIDE ROUTE,WESTERLY,496.191926375254
473,DUNNS CORNER RD,COMPLETED,STRIPPED,STATEWIDE ROUTE,WESTERLY,467.128264671392
474,S COUNTY TRL,COMPLETED,STRIPPED,STATEWIDE ROUTE,RICHMOND,1130.77061232649
475,S COUNTY TRL,COMPLETED,STRIPPED,STATEWIDE ROUTE,CHARLESTOWN,279.621358684729
476,DUNNS CORNER RD,COMPLETED,STRIPPED,STATEWIDE ROUTE,WESTERLY,275.677990379587
477,S COUNTY TRL,COMPLETED,STRIPPED,STATEWIDE ROUTE,SOUTH KINGSTOWN,366.586250977503
478,NA,COMPLETED,WARREN BIKE PATH,PATH,WARREN,4524.98727052559
479,SOUTH COUNTY TRAIL,COMPLETED,EAST GREENWICH BIKE ROUTE,LOCAL BIKE ROUTE,EAST GREENWICH,751.756422485203
480,SOUTH COUNTY TRAIL,COMPLETED,EAST GREENWICH BIKE ROUTE,LOCAL BIKE ROUTE,EAST GREENWICH,90.1524809068844
481,SOUTH COUNTY TRAIL,COMPLETED,EAST GREENWICH BIKE ROUTE,LOCAL BIKE ROUTE,EAST GREENWICH,688.47197824585
482,SOUTH COUNTY TRAIL,COMPLETED,EAST GREENWICH BIKE ROUTE,LOCAL BIKE ROUTE,EAST GREENWICH,1410.90496925412
483,SOUTH COUNTY TRAIL,COMPLETED,EAST GREENWICH BIKE ROUTE,LOCAL BIKE ROUTE,EAST GREENWICH,276.017526498447
484,SOUTH COUNTY TRAIL,COMPLETED,EAST GREENWICH BIKE ROUTE,LOCAL BIKE ROUTE,EAST GREENWICH,77.2346291397233
485,SOUTH COUNTY TRAIL,COMPLETED,EAST GREENWICH BIKE ROUTE,LOCAL BIKE ROUTE,EAST GREENWICH,1194.71391344312
486,SOUTH COUNTY TRAIL,COMPLETED,EAST GREENWICH BIKE ROUTE,LOCAL BIKE ROUTE,EAST GREENWICH,969.054142721245
487,SOUTH COUNTY TRAIL,COMPLETED,EAST GREENWICH BIKE ROUTE,LOCAL BIKE ROUTE,EAST GREENWICH,1170.51879922806
488,MIDDLE ROAD,COMPLETED,EAST GREENWICH BIKE ROUTE,LOCAL BIKE ROUTE,EAST GREENWICH,972.532586866288
489,MIDDLE ROAD,COMPLETED,EAST GREENWICH BIKE ROUTE,LOCAL BIKE ROUTE,EAST GREENWICH,80.2203781450487
490,MIDDLE ROAD,COMPLETED,EAST GREENWICH BIKE ROUTE,LOCAL BIKE ROUTE,EAST GREENWICH,182.18502003395
491,MIDDLE ROAD,COMPLETED,EAST GREENWICH BIKE ROUTE,LOCAL BIKE ROUTE,EAST GREENWICH,969.684174824721
492,MIDDLE ROAD,COMPLETED,EAST GREENWICH BIKE ROUTE,LOCAL BIKE ROUTE,EAST GREENWICH,390.325933176631
493,MIDDLE ROAD,COMPLETED,EAST GREENWICH BIKE ROUTE,LOCAL BIKE ROUTE,EAST GREENWICH,343.532283542854
494,MIDDLE ROAD,COMPLETED,EAST GREENWICH BIKE ROUTE,LOCAL BIKE ROUTE,EAST GREENWICH,31.5553046132381
495,MIDDLE ROAD,COMPLETED,EAST GREENWICH BIKE ROUTE,LOCAL BIKE ROUTE,EAST GREENWICH,519.202691840677
496,MIDDLE ROAD,COMPLETED,EAST GREENWICH BIKE ROUTE,LOCAL BIKE ROUTE,EAST GREENWICH,35.6942015016747
497,MIDDLE ROAD,COMPLETED,EAST GREENWICH BIKE ROUTE,LOCAL BIKE ROUTE,EAST GREENWICH,612.300976327695
498,MIDDLE ROAD,COMPLETED,EAST GREENWICH BIKE ROUTE,LOCAL BIKE ROUTE,EAST GREENWICH,100.871318522811
499,ROCKY HOLLOW RD,COMPLETED,EAST GREENWICH BIKE ROUTE,LOCAL BIKE ROUTE,EAST GREENWICH,248.438901061266
500,MIDDLE ROAD,COMPLETED,EAST GREENWICH BIKE ROUTE,LOCAL BIKE ROUTE,EAST GREENWICH,146.768776118253
501,MIDDLE ROAD,COMPLETED,EAST GREENWICH BIKE ROUTE,LOCAL BIKE ROUTE,EAST GREENWICH,333.875976728385
502,FRENCHTOWN RD,COMPLETED,EAST GREENWICH BIKE ROUTE,LOCAL BIKE ROUTE,EAST GREENWICH,20.5276531167137
503,FRENCHTOWN RD,COMPLETED,EAST GREENWICH BIKE ROUTE,LOCAL BIKE ROUTE,EAST GREENWICH,26.5415752529095
504,FRENCHTOWN RD,COMPLETED,EAST GREENWICH BIKE ROUTE,LOCAL BIKE ROUTE,EAST GREENWICH,420.692657857657
505,FRENCHTOWN RD,COMPLETED,EAST GREENWICH BIKE ROUTE,LOCAL BIKE ROUTE,EAST GREENWICH,255.170424725896
506,FRENCHTOWN RD,COMPLETED,EAST GREENWICH BIKE ROUTE,LOCAL BIKE ROUTE,EAST GREENWICH,1068.08337767247
507,FRENCHTOWN RD,COMPLETED,EAST GREENWICH BIKE ROUTE,LOCAL BIKE ROUTE,EAST GREENWICH,2096.27973310937
508,1ST AVE,COMPLETED,EAST GREENWICH BIKE ROUTE,LOCAL BIKE ROUTE,EAST GREENWICH,216.966270009449
509,1ST AVE,COMPLETED,EAST GREENWICH BIKE ROUTE,LOCAL BIKE ROUTE,EAST GREENWICH,329.786544008801
510,1ST AVE,COMPLETED,EAST GREENWICH BIKE ROUTE,LOCAL BIKE ROUTE,EAST GREENWICH,265.818648115772
511,1ST AVE,COMPLETED,EAST GREENWICH BIKE ROUTE,LOCAL BIKE ROUTE,EAST GREENWICH,219.492635972256
512,1ST AVE,COMPLETED,EAST GREENWICH BIKE ROUTE,LOCAL BIKE ROUTE,EAST GREENWICH,237.456264835411
513,1ST AVE,STUDY AND DEVELOPMENT,EAST GREENWICH BIKE ROUTE,LOCAL BIKE ROUTE,EAST GREENWICH,543.390545118771
514,1ST AVE,COMPLETED,EAST GREENWICH BIKE ROUTE,LOCAL BIKE ROUTE,EAST GREENWICH,66.0356897861416
515,1ST AVE,COMPLETED,EAST GREENWICH BIKE ROUTE,LOCAL BIKE ROUTE,EAST GREENWICH,244.259108491777
516,1ST AVE,STUDY AND DEVELOPMENT,EAST GREENWICH BIKE ROUTE,LOCAL BIKE ROUTE,EAST GREENWICH,199.30623505499
517,MIDDLE ROAD,COMPLETED,EAST GREENWICH BIKE ROUTE,LOCAL BIKE ROUTE,EAST GREENWICH,394.449771284654
518,ROCKY HOLLOW RD,STUDY AND DEVELOPMENT,EAST GREENWICH BIKE ROUTE,LOCAL BIKE ROUTE,EAST GREENWICH,543.718781668437
519,ROCKY HOLLOW RD,STUDY AND DEVELOPMENT,EAST GREENWICH BIKE ROUTE,LOCAL BIKE ROUTE,EAST GREENWICH,60.5274567110813
520,MIDDLE ROAD,COMPLETED,EAST GREENWICH BIKE ROUTE,LOCAL BIKE ROUTE,EAST GREENWICH,329.295830830677
521,MIDDLE ROAD,COMPLETED,EAST GREENWICH BIKE ROUTE,LOCAL BIKE ROUTE,EAST GREENWICH,1465.4222721159
522,MIDDLE ROAD,COMPLETED,EAST GREENWICH BIKE ROUTE,LOCAL BIKE ROUTE,EAST GREENWICH,465.780075413456
523,MIDDLE ROAD,COMPLETED,EAST GREENWICH BIKE ROUTE,LOCAL BIKE ROUTE,EAST GREENWICH,1289.48726624741
524,MIDDLE ROAD,COMPLETED,EAST GREENWICH BIKE ROUTE,LOCAL BIKE ROUTE,EAST GREENWICH,874.711800776762
525,MIDDLE ROAD,COMPLETED,EAST GREENWICH BIKE ROUTE,LOCAL BIKE ROUTE,EAST GREENWICH,324.79186199482
526,KENYON AVE,COMPLETED,EAST GREENWICH BIKE ROUTE,LOCAL BIKE ROUTE,EAST GREENWICH,1078.84302980823
527,1ST AVE,COMPLETED,EAST GREENWICH BIKE ROUTE,LOCAL BIKE ROUTE,EAST GREENWICH,890.574224488151
528,S COUNTY TRL,COMPLETED,STRIPPED,STATEWIDE ROUTE,CHARLESTOWN,39.897467119002
529,BRADFORD ST,COMPLETED,STRIPPED,STATEWIDE ROUTE,WESTERLY,195.396597878539
530,BRADFORD ST,COMPLETED,STRIPPED,STATEWIDE ROUTE,WESTERLY,180.495881937497
531,DUNNS CORNER RD,COMPLETED,STRIPPED,STATEWIDE ROUTE,WESTERLY,816.891642911974
532,LANGWORTHY RD,COMPLETED,STRIPPED,STATEWIDE ROUTE,WESTERLY,94.5176504430812
533,LANGWORTHY RD,COMPLETED,STRIPPED,STATEWIDE ROUTE,WESTERLY,815.935040626788
534,KINGSTOWN RD,DROPPED,STRIPPED,STATEWIDE ROUTE,SOUTH KINGSTOWN,148.058832550248
535,KINGSTOWN RD,DROPPED,STRIPPED,STATEWIDE ROUTE,SOUTH KINGSTOWN,345.557726057753
536,RIVERSIDE DR,COMPLETED,STRIPPED,STATEWIDE ROUTE,WESTERLY,1084.85135704425
537,CAROLINA BACK RD,COMPLETED,STRIPPED,STATEWIDE ROUTE,CHARLESTOWN,390.467895262205
538,LANGWORTHY RD,COMPLETED,STRIPPED,STATEWIDE ROUTE,WESTERLY,806.409274605465
539,DUNNS CORNER RD,COMPLETED,STRIPPED,STATEWIDE ROUTE,WESTERLY,677.796501311074
540,DUNNS CORNER RD,COMPLETED,STRIPPED,STATEWIDE ROUTE,WESTERLY,692.631622589094
541,DUNNS CORNER RD,COMPLETED,STRIPPED,STATEWIDE ROUTE,WESTERLY,1075.87261054807
542,S COUNTY TRL,COMPLETED,STRIPPED,STATEWIDE ROUTE,CHARLESTOWN,761.234288791734
543,S COUNTY TRL,COMPLETED,STRIPPED,STATEWIDE ROUTE,CHARLESTOWN,238.766574099366
544,DUNNS CORNER RD,COMPLETED,STRIPPED,STATEWIDE ROUTE,WESTERLY,2442.56840262453
545,DUNNS CORNER RD,COMPLETED,STRIPPED,STATEWIDE ROUTE,WESTERLY,1742.39131717294
546,NA,COMPLETED,WASHINGTON SECONDARY BIKE PATH,PATH,WARWICK,434.128860228666
547,NA,COMPLETED,EAST BAY BIKE PATH,PATH,BARRINGTON,55.7438525661052
548,NA,DROPPED,PAWTUXET RIVERWALK,PROPOSED RIVERWALK,WARWICK,9993.21203673078
549,S COUNTY TRL,COMPLETED,STRIPPED,STATEWIDE ROUTE,SOUTH KINGSTOWN,530.673661583772
550,DUNNS CORNER RD,COMPLETED,STRIPPED,STATEWIDE ROUTE,WESTERLY,284.732879478685
551,DUNNS CORNER RD,COMPLETED,STRIPPED,STATEWIDE ROUTE,WESTERLY,667.341928560181
552,ALTON BRADFORD RD,COMPLETED,STRIPPED,STATEWIDE ROUTE,HOPKINTON,2923.8705290764
553,S COUNTY TRL,COMPLETED,STRIPPED,STATEWIDE ROUTE,SOUTH KINGSTOWN,94.0396116062516
554,NA,DROPPED,PAWTUXET RIVERWALK,PROPOSED RIVERWALK,WARWICK,9415.0247152943
555,NA,COMPLETED,EAST BAY BIKE PATH,PATH,BRISTOL,46.310241590103
556,BRADFORD ST,COMPLETED,STRIPPED,STATEWIDE ROUTE,WESTERLY,591.043194035093
557,DUNNS CORNER RD,COMPLETED,STRIPPED,STATEWIDE ROUTE,WESTERLY,303.081027180644
558,DUNNS CORNER RD,COMPLETED,STRIPPED,STATEWIDE ROUTE,WESTERLY,385.813652299799
559,LANGWORTHY RD,COMPLETED,STRIPPED,STATEWIDE ROUTE,WESTERLY,112.606664095799
560,LANGWORTHY RD,COMPLETED,STRIPPED,STATEWIDE ROUTE,WESTERLY,286.347124855612
561,DUNNS CORNER RD,COMPLETED,STRIPPED,STATEWIDE ROUTE,WESTERLY,617.970714799998
562,KINGSTOWN RD,COMPLETED,STRIPPED,STATEWIDE ROUTE,SOUTH KINGSTOWN,2337.23652435775
563,LANGWORTHY RD,COMPLETED,STRIPPED,STATEWIDE ROUTE,WESTERLY,387.811903218274
564,LANGWORTHY RD,COMPLETED,STRIPPED,STATEWIDE ROUTE,WESTERLY,778.413504752816
565,DUNNS CORNER RD,COMPLETED,STRIPPED,STATEWIDE ROUTE,WESTERLY,425.026105736296
566,RIVERSIDE DRIVE,COMPLETED,STRIPPED,STATEWIDE ROUTE,WESTERLY,2584.00254540864
567,KINGSTOWN RD,DROPPED,STRIPPED,LOCAL BIKE ROUTE,SOUTH KINGSTOWN,370.249659310179
568,KINGSTOWN RD,DROPPED,STRIPPED,LOCAL BIKE ROUTE,CHARLESTOWN,148.058832550248
569,NA,DROPPED,NORTHWEST BIKE TRAIL,DROPPED BIKE PROJECT,BURRILLVILLE,17240.3992754583
570,RIVERSIDE DRIVE,COMPLETED,STRIPPED,STATEWIDE ROUTE,WESTERLY,2584.00254540864
571,NA,DROPPED,NORTHWEST BIKE TRAIL,DROPPED BIKE PROJECT,NORTH SMITHFIELD,5634.92091957257
572,NA,DROPPED,NORTHWEST BIKE TRAIL,DROPPED BIKE PROJECT,SMITHFIELD,7611.06937154245
573,NA,DROPPED,NORTHWEST BIKE TRAIL,DROPPED BIKE PROJECT,NORTH SMITHFIELD,6034.18916578436
574,FARNUM PIKE,DROPPED,NORTHWEST BIKE TRAIL,DROPPED BIKE PROJECT,SMITHFIELD,7678.56248843602
575,FARNUM PIKE,DROPPED,NORTHWEST BIKE TRAIL,DROPPED BIKE PROJECT,NORTH SMITHFIELD,1266.6690669393
576,NA,UNDER DESIGN 2015,BLACKSTONE RIVER BIKEWAY,PROPOSED PATH,NORTH SMITHFIELD,907.855371922039
577,MILL ST,DROPPED,BLACKSTONE RIVER BIKEWAY,OLD PROPOSED PATH,CUMBERLAND,905.281056043771
578,RALCO WAY,DROPPED,BLACKSTONE RIVER BIKEWAY,OLD PROPOSED PATH,CUMBERLAND,1632.45270883204
579,NA,DROPPED,BLACKSTONE RIVER BIKEWAY,OLD PROPOSED PATH,CUMBERLAND,1689.76856494398
580,ROOSEVELT AVE,DROPPED,BLACKSTONE RIVER BIKEWAY,OLD PROPOSED PATH,BURRILLVILLE,5609.90765526717
581,NA,COMPLETED,SOUTH COUNTY BIKE PATH,PATH,SOUTH KINGSTOWN,15287.6101894129
582,NA,STUDY AND DEVELOPMENT,WARREN BIKE PATH,PROPOSED PATH,WARREN,5509.86487699256
583,NA,COMPLETED,EAST BAY BIKE PATH,PATH,BARRINGTON,17041.7369559368
584,NA,COMPLETED,EAST BAY BIKE PATH,PATH,WARREN,4079.96249315161
585,NA,COMPLETED,EAST BAY BIKE PATH,PATH,BARRINGTON,2386.4608243986
586,NA,COMPLETED,EAST BAY BIKE PATH,PATH,BRISTOL,12376.5021849117
587,NA,COMPLETED,EAST BAY BIKE PATH,PATH,WARREN,7576.6084262387
588,ALEPPO ST,COMPLETED,NORTHWEST TRAIL-WOONASQUATUCKET RIVER BIKEWAY,PATH,PROVIDENCE,2200.74864825718
589,ALEPPO ST,COMPLETED,NORTHWEST TRAIL-WOONASQUATUCKET RIVER BIKEWAY,LOCAL BIKE ROUTE,PROVIDENCE,512.391676731133
590,ATWELLS AVE,COMPLETED,NORTHWEST TRAIL-WOONASQUATUCKET RIVER BIKEWAY,LOCAL BIKE ROUTE,PROVIDENCE,187.948155636252
591,TUXEDO AVE,COMPLETED,NORTHWEST TRAIL-WOONASQUATUCKET RIVER BIKEWAY,LOCAL BIKE ROUTE,PROVIDENCE,479.139420399867
592,EAGLE ST,COMPLETED,NORTHWEST TRAIL-WOONASQUATUCKET RIVER BIKEWAY,LOCAL BIKE ROUTE,PROVIDENCE,1549.66791637398
593,NA,COMPLETED,SOUTH COUNTY BIKE PATH,PATH,SOUTH KINGSTOWN,6827.91496814941
594,SOUTH MAIN ST,UNDER DESIGN 2015,BLACKSTONE RIVER BIKEWAY,PROPOSED PATH,WOONSOCKET,117.002163673685
595,RIVER ST,UNDER DESIGN 2015,BLACKSTONE RIVER BIKEWAY,PROPOSED PATH,WOONSOCKET,972.007747153825
596,NA,UNDER DESIGN 2015,BLACKSTONE RIVER BIKEWAY,PROPOSED PATH,WOONSOCKET,1499.14509406123
597,RIVER ST,UNDER DESIGN 2015,BLACKSTONE RIVER BIKEWAY,PROPOSED PATH,WOONSOCKET,962.742990935399
598,NA,COMPLETED,SOUTH COUNTY BIKE PATH,PATH,SOUTH KINGSTOWN,10244.4081402255
599,NA,DROPPED,URI/SOUTH COUNTY BIKE PATH CONNECTOR (3),DROPPED BIKE PROJECT,SOUTH KINGSTOWN,6141.85391273709
600,MANVILLE ROAD,UNDER DESIGN 2015,BLACKSTONE RIVER BIKEWAY,PROPOSED PATH,WOONSOCKET,766.5025587851
601,SQUANTUM DRIVE,COMPLETED,WARWICK-EAST GREENWICH BICYCLE NETWORK,LOCAL BIKE ROUTE,WARWICK,3469.88556061361
602,SOUTH RD,DROPPED,URI/SOUTH COUNTY BIKE PATH CONNECTOR (4),DROPPED BIKE PROJECT,SOUTH KINGSTOWN,3161.40344999143
603,NA,DROPPED,AQUIDNECK ISLAND BIKE PATH,PROPOSED PATH,PORTSMOUTH,32711.166595782
604,NA,STUDY AND DEVELOPMENT,AQUIDNECK ISLAND BIKE PATH,PROPOSED PATH,NEWPORT,11323.5544999497
605,S COUNTY TRL,COMPLETED,SHORELINE BIKEWAY,PROPOSED ROUTE,CHARLESTOWN,1767.95470469547
606,S COUNTY TRL,COMPLETED,SHORELINE BIKEWAY,PROPOSED ROUTE,WESTERLY,495.820519086943
607,S COUNTY TRL,COMPLETED,SHORELINE BIKEWAY,PROPOSED ROUTE,WESTERLY,243.298153124598
608,S COUNTY TRL,COMPLETED,SHORELINE BIKEWAY,PROPOSED ROUTE,CHARLESTOWN,1679.46666876044
609,S COUNTY TRL,COMPLETED,SHORELINE BIKEWAY,PROPOSED ROUTE,CHARLESTOWN,1330.61153536986
610,S COUNTY TRL,COMPLETED,SHORELINE BIKEWAY,PROPOSED ROUTE,CHARLESTOWN,80.8479655312688
611,S COUNTY TRL,COMPLETED,SHORELINE BIKEWAY,PROPOSED ROUTE,WESTERLY,1194.57957185608
612,S COUNTY TRL,COMPLETED,SHORELINE BIKEWAY,PROPOSED ROUTE,WESTERLY,613.182335908238
613,S COUNTY TRL,COMPLETED,SHORELINE BIKEWAY,PROPOSED ROUTE,CHARLESTOWN,1198.1120635448
614,S COUNTY TRL,COMPLETED,SHORELINE BIKEWAY,PROPOSED ROUTE,CHARLESTOWN,635.990833689581
615,S COUNTY TRL,COMPLETED,SHORELINE BIKEWAY,PROPOSED ROUTE,WESTERLY,560.264822111073
616,S COUNTY TRL,COMPLETED,SHORELINE BIKEWAY,PROPOSED ROUTE,WESTERLY,420.378923803938
617,S COUNTY TRL,COMPLETED,SHORELINE BIKEWAY,PROPOSED ROUTE,CHARLESTOWN,1187.89017288694
618,S COUNTY TRL,COMPLETED,SHORELINE BIKEWAY,PROPOSED ROUTE,WESTERLY,311.203910085638
619,S COUNTY TRL,COMPLETED,SHORELINE BIKEWAY,PROPOSED ROUTE,CHARLESTOWN,891.48171816394
620,S COUNTY TRL,COMPLETED,SHORELINE BIKEWAY,PROPOSED ROUTE,WESTERLY,632.026497009344
621,S COUNTY TRL,COMPLETED,SHORELINE BIKEWAY,PROPOSED ROUTE,WESTERLY,25.9250811234212
622,S COUNTY TRL,COMPLETED,SHORELINE BIKEWAY,PROPOSED ROUTE,WESTERLY,121.192426194229
623,S COUNTY TRL,COMPLETED,SHORELINE BIKEWAY,PROPOSED ROUTE,WESTERLY,426.890659392644
624,S COUNTY TRL,COMPLETED,SHORELINE BIKEWAY,PROPOSED ROUTE,WESTERLY,1160.40273751595
625,S COUNTY TRL,COMPLETED,SHORELINE BIKEWAY,PROPOSED ROUTE,WESTERLY,952.337415509267
626,S COUNTY TRL,COMPLETED,SHORELINE BIKEWAY,PROPOSED ROUTE,CHARLESTOWN,1803.28110802447
627,S COUNTY TRL,COMPLETED,SHORELINE BIKEWAY,PROPOSED ROUTE,CHARLESTOWN,1293.89841815229
628,S COUNTY TRL,COMPLETED,SHORELINE BIKEWAY,PROPOSED ROUTE,CHARLESTOWN,89.1551692447836
629,S COUNTY TRL,COMPLETED,SHORELINE BIKEWAY,PROPOSED ROUTE,CHARLESTOWN,263.775272668513
630,S COUNTY TRL,COMPLETED,SHORELINE BIKEWAY,PROPOSED ROUTE,CHARLESTOWN,956.236458599939
631, ,STUDY AND DEVELOPMENT, , , ,9597.43839474809
632,NA,UNDER DESIGN 2015,BLACKSTONE RIVER BIKEWAY,PROPOSED PATH,WOONSOCKET,2121.55921002767
633,NA,UNDER DESIGN 2015,BLACKSTONE RIVER BIKEWAY,PROPOSED PATH,WOONSOCKET,1399.59613692035
634,NA,UNDER DESIGN 2015,BLACKSTONE RIVER BIKEWAY,PROPOSED PATH,WOONSOCKET,5848.83715307203
635,NA,UNDER DESIGN 2015,BLACKSTONE RIVER BIKEWAY,PROPOSED PATH,WOONSOCKET,809.61372644778
636,MANTON AVE,PROPOSED,NORTHWEST TRAIL-WOONASQUATUCKET RIVER BIKEWAY,LOCAL BIKE ROUTE,PROVIDENCE,3515.06869245662
637, ,PROPOSED, , , ,1078.96168558448
638,NA,UNDER DESIGN 2015,WASHINGTON SECONDARY BIKE PATH,PROPOSED PATH,COVENTRY,24909.6280565
639,NA,COMPLETED,WASHINGTON SECONDARY BIKE PATH,PATH,COVENTRY,1572.37599988025
640, ,COMPLETED,SAKONNET BRIDGE BIKE ACCESS,BRIDGE,PORTSMOUTH/TIVERTON,3763.47751967293
641,NA,COMPLETED,TEN MILE RIVER GREENWAY,PATH,PAWTUCKET,1837.07293791851
642,NA,COMPLETED,TEN MILE RIVER GREENWAY,PATH,PAWTUCKET,338.697479465829
643,NA,COMPLETED,TEN MILE RIVER GREENWAY,PATH,PAWTUCKET,2578.74621282711
644,NA,COMPLETED,TEN MILE RIVER GREENWAY,PATH,PAWTUCKET/EAST PROVIDENCE,11515.8867855712
645,NA,COMPLETED,BLACKSTONE RIVER BIKEWAY,PATH,LINCOLN/CUMBERLAND,16823.6449716162
646,NA,COMPLETED,BLACKSTONE RIVER BIKEWAY,PATH,LINCOLN,12680.9548009711
647,NA,COMPLETED,BLACKSTONE RIVER BIKEWAY,PATH,LINCOLN,2519.95596647711
648,NA,COMPLETED,BLACKSTONE RIVER BIKEWAY,PATH,WOONSOCKET,2083.32626435175
649,NA,COMPLETED,BLACKSTONE RIVER BIKEWAY,PATH,WOONSOCKET,1982.53828561196
650,BROAD ST,COMPLETED,BLACKSTONE RIVER BIKEWAY,PATH,CUMBERLAND,662.221919915151
651,NA,COMPLETED,SOUTH COUNTY BIKE PATH,PATH,SOUTH KINGSTOWN,3848.80746920044
652,NA,STUDY AND DEVELOPMENT,SOUTH COUNTY BIKE PATH,PATH,SOUTH KINGSTOWN,3785.29040642777
653,STAFFORD RD,COMPLETED,STRIPPED,STATEWIDE ROUTE,TIVERTON,528.573272652651
654,STAFFORD RD,COMPLETED,STRIPPED,STATEWIDE ROUTE,TIVERTON,15.5114200806053
655,STAFFORD RD,COMPLETED,STRIPPED,STATEWIDE ROUTE,TIVERTON,154.319916278568
656,STAFFORD RD,COMPLETED,STRIPPED,STATEWIDE ROUTE,TIVERTON,208.883217292134
657,STAFFORD RD,COMPLETED,STRIPPED,STATEWIDE ROUTE,TIVERTON,105.270016476924
658,STAFFORD RD,COMPLETED,STRIPPED,STATEWIDE ROUTE,TIVERTON,447.005720466588
659,STAFFORD RD,COMPLETED,STRIPPED,STATEWIDE ROUTE,TIVERTON,339.859456973187
660,STAFFORD RD,COMPLETED,STRIPPED,STATEWIDE ROUTE,TIVERTON,205.884506472046
661,STAFFORD RD,COMPLETED,STRIPPED,STATEWIDE ROUTE,TIVERTON,202.943563127439
662,STAFFORD RD,COMPLETED,STRIPPED,STATEWIDE ROUTE,TIVERTON,386.320023941213
663,STAFFORD RD,COMPLETED,STRIPPED,STATEWIDE ROUTE,TIVERTON,535.184732708796
664,STAFFORD RD,COMPLETED,STRIPPED,STATEWIDE ROUTE,TIVERTON,488.860907182915
665,STAFFORD RD,COMPLETED,STRIPPED,STATEWIDE ROUTE,TIVERTON,219.852244805945
666,STAFFORD RD,COMPLETED,STRIPPED,STATEWIDE ROUTE,TIVERTON,320.193908416719
667,STAFFORD RD,COMPLETED,STRIPPED,STATEWIDE ROUTE,TIVERTON,347.23261201014
668,STAFFORD RD,COMPLETED,STRIPPED,STATEWIDE ROUTE,TIVERTON,636.691187540889
669,STAFFORD RD,COMPLETED,STRIPPED,STATEWIDE ROUTE,TIVERTON,231.755005335192
670,STAFFORD RD,COMPLETED,STRIPPED,STATEWIDE ROUTE,TIVERTON,209.490066600657
671,STAFFORD RD,COMPLETED,STRIPPED,STATEWIDE ROUTE,TIVERTON,353.054349469622
672,STAFFORD RD,COMPLETED,STRIPPED,STATEWIDE ROUTE,TIVERTON,126.363380281178
673,STAFFORD RD,COMPLETED,STRIPPED,STATEWIDE ROUTE,TIVERTON,242.025893827035
674,STAFFORD RD,COMPLETED,STRIPPED,STATEWIDE ROUTE,TIVERTON,88.1911495452825
675,STAFFORD RD,COMPLETED,STRIPPED,STATEWIDE ROUTE,TIVERTON,37.1251514922619
676,STAFFORD RD,COMPLETED,STRIPPED,STATEWIDE ROUTE,TIVERTON,325.765806971135
677,STAFFORD RD,COMPLETED,STRIPPED,STATEWIDE ROUTE,TIVERTON,442.77443607909
678,STAFFORD RD,COMPLETED,STRIPPED,STATEWIDE ROUTE,TIVERTON,458.012562621051
679,STAFFORD RD,COMPLETED,STRIPPED,STATEWIDE ROUTE,TIVERTON,512.238700498549
680,STAFFORD RD,COMPLETED,STRIPPED,STATEWIDE ROUTE,TIVERTON,177.237297711242
681,STAFFORD RD,COMPLETED,STRIPPED,STATEWIDE ROUTE,TIVERTON,496.077424344166
682,STAFFORD RD,COMPLETED,STRIPPED,STATEWIDE ROUTE,TIVERTON,217.852112103059
683,STAFFORD RD,COMPLETED,STRIPPED,STATEWIDE ROUTE,TIVERTON,1978.87734836592
684,STAFFORD RD,COMPLETED,STRIPPED,STATEWIDE ROUTE,TIVERTON,225.191985514909
685,STAFFORD RD,COMPLETED,STRIPPED,STATEWIDE ROUTE,TIVERTON,662.971430829466
686,STAFFORD RD,COMPLETED,STRIPPED,STATEWIDE ROUTE,TIVERTON,99.6568028852557
687,STAFFORD RD,COMPLETED,STRIPPED,STATEWIDE ROUTE,TIVERTON,119.646392373011
688,STAFFORD RD,COMPLETED,STRIPPED,STATEWIDE ROUTE,TIVERTON,1431.19459495518
689,STAFFORD RD,COMPLETED,STRIPPED,STATEWIDE ROUTE,TIVERTON,165.345564742633
690,STAFFORD RD,COMPLETED,STRIPPED,STATEWIDE ROUTE,TIVERTON,421.08024747784
691,STAFFORD RD,COMPLETED,STRIPPED,STATEWIDE ROUTE,TIVERTON,40.6001323569716
692,STAFFORD RD,COMPLETED,STRIPPED,STATEWIDE ROUTE,TIVERTON,166.93351287339
693,CRANDALL RD,COMPLETED,STRIPPED,STATEWIDE ROUTE,TIVERTON,336.64763137192
694,CRANDALL RD,COMPLETED,STRIPPED,STATEWIDE ROUTE,TIVERTON,1020.15784089086
695,CRANDALL RD,COMPLETED,STRIPPED,STATEWIDE ROUTE,TIVERTON,306.181326931725
696,CRANDALL RD,COMPLETED,STRIPPED,STATEWIDE ROUTE,TIVERTON,202.512024851972
697,CRANDALL RD,COMPLETED,STRIPPED,STATEWIDE ROUTE,TIVERTON,718.908019479176
698,CRANDALL RD,COMPLETED,STRIPPED,STATEWIDE ROUTE,TIVERTON,51.8815338042703
699,CRANDALL RD,COMPLETED,STRIPPED,STATEWIDE ROUTE,TIVERTON,1608.25335812507
700,CRANDALL RD,COMPLETED,STRIPPED,STATEWIDE ROUTE,TIVERTON,674.023704764721
701,CRANDALL RD,COMPLETED,STRIPPED,STATEWIDE ROUTE,TIVERTON,915.774964935827
702,CRANDALL RD,COMPLETED,STRIPPED,STATEWIDE ROUTE,TIVERTON,174.068255990375
703,CRANDALL RD,COMPLETED,STRIPPED,STATEWIDE ROUTE,TIVERTON,1010.08475692028
704,CRANDALL RD,COMPLETED,STRIPPED,STATEWIDE ROUTE,TIVERTON,204.765645178001
705,CRANDALL RD,COMPLETED,STRIPPED,STATEWIDE ROUTE,TIVERTON,1277.30796290235
706,CRANDALL RD,COMPLETED,STRIPPED,STATEWIDE ROUTE,TIVERTON,757.084196553991
707,CRANDALL RD,COMPLETED,STRIPPED,STATEWIDE ROUTE,TIVERTON,1494.39238970591
708,CRANDALL RD,COMPLETED,STRIPPED,STATEWIDE ROUTE,TIVERTON,810.322054934409
709,CRANDALL RD,COMPLETED,STRIPPED,STATEWIDE ROUTE,TIVERTON,385.667405609269
710,CRANDALL RD,COMPLETED,STRIPPED,STATEWIDE ROUTE,TIVERTON,2789.54123266907
711,CRANDALL RD,COMPLETED,STRIPPED,STATEWIDE ROUTE,TIVERTON,1056.44326956687
712,CRANDALL RD,COMPLETED,STRIPPED,STATEWIDE ROUTE,TIVERTON,498.718123588923
713,CRANDALL RD,COMPLETED,STRIPPED,STATEWIDE ROUTE,TIVERTON,765.800267670281
714,CRANDALL RD,COMPLETED,STRIPPED,STATEWIDE ROUTE,TIVERTON,2091.06653994988
715,CRANDALL RD,COMPLETED,STRIPPED,STATEWIDE ROUTE,TIVERTON,477.452958576598
716,CRANDALL RD,COMPLETED,STRIPPED,STATEWIDE ROUTE,TIVERTON,670.93445915222
717,CRANDALL RD,COMPLETED,STRIPPED,STATEWIDE ROUTE,TIVERTON,452.781179156468
718,CRANDALL RD,COMPLETED,STRIPPED,STATEWIDE ROUTE,TIVERTON,438.345473069777
719,CRANDALL RD,COMPLETED,STRIPPED,STATEWIDE ROUTE,TIVERTON,542.923080860578
720,CRANDALL RD,COMPLETED,STRIPPED,STATEWIDE ROUTE,TIVERTON,298.113768460039
721,CRANDALL RD,COMPLETED,STRIPPED,STATEWIDE ROUTE,TIVERTON,461.422756982196
722,CRANDALL RD,COMPLETED,STRIPPED,STATEWIDE ROUTE,TIVERTON,664.220172510652
723,CRANDALL RD,COMPLETED,STRIPPED,STATEWIDE ROUTE,TIVERTON,932.371057352113
724,CRANDALL RD,COMPLETED,STRIPPED,STATEWIDE ROUTE,TIVERTON,173.111710171958
725,MEMORIAL BLVD,COMPLETED,MEMORIAL BLVD BIKE LANES,BIKE LANES,NEWPORT,537.668282818031
726,MEMORIAL BLVD,COMPLETED,MEMORIAL BLVD BIKE LANES,BIKE LANES,NEWPORT,476.985017286716
727,MEMORIAL BLVD,COMPLETED,MEMORIAL BLVD BIKE LANES,BIKE LANES,NEWPORT,1351.56636663443
728,MEMORIAL BLVD,COMPLETED,MEMORIAL BLVD BIKE LANES,BIKE LANES,NEWPORT,1500.27703436525
729,MEMORIAL BLVD,COMPLETED,MEMORIAL BLVD BIKE LANES,BIKE LANES,NEWPORT,465.536876130882
730,MEMORIAL BLVD,COMPLETED,MEMORIAL BLVD BIKE LANES,BIKE LANES,NEWPORT,487.191913171633
731,MEMORIAL BLVD,COMPLETED,MEMORIAL BLVD BIKE LANES,BIKE LANES,NEWPORT,593.554066915328
732,MEMORIAL BLVD,COMPLETED,MEMORIAL BLVD BIKE LANES,BIKE LANES,NEWPORT,387.534977449002
733,MEMORIAL BLVD,COMPLETED,MEMORIAL BLVD BIKE LANES,BIKE LANES,NEWPORT,491.283941288557
734,MEMORIAL BLVD,COMPLETED,MEMORIAL BLVD BIKE LANES,BIKE LANES,NEWPORT,329.243555689927
735,MEMORIAL BLVD,COMPLETED,MEMORIAL BLVD BIKE LANES,BIKE LANES,NEWPORT,480.845039275681
736,MEMORIAL BLVD,COMPLETED,MEMORIAL BLVD BIKE LANES,BIKE LANES,NEWPORT,353.711761188136
737,MEMORIAL BLVD,COMPLETED,MEMORIAL BLVD BIKE LANES,BIKE LANES,NEWPORT,184.891627453234
738,MEMORIAL BLVD,COMPLETED,MEMORIAL BLVD BIKE LANES,BIKE LANES,NEWPORT,1540.32075901679
739,MEMORIAL BLVD,COMPLETED,MEMORIAL BLVD BIKE LANES,BIKE LANES,NEWPORT,468.438122585373
740,MEMORIAL BLVD,COMPLETED,MEMORIAL BLVD BIKE LANES,BIKE LANES,NEWPORT,469.430727024002
741,MEMORIAL BLVD,COMPLETED,MEMORIAL BLVD BIKE LANES,BIKE LANES,NEWPORT,657.050305428926
742,MEMORIAL BLVD,COMPLETED,MEMORIAL BLVD BIKE LANES,BIKE LANES,NEWPORT,552.783670055469
743,MEMORIAL BLVD,COMPLETED,MEMORIAL BLVD BIKE LANES,BIKE LANES,NEWPORT,464.286582405049
744,MEMORIAL BLVD,COMPLETED,MEMORIAL BLVD BIKE LANES,BIKE LANES,NEWPORT,150.247875054776
745,MEMORIAL BLVD,COMPLETED,MEMORIAL BLVD BIKE LANES,BIKE LANES,NEWPORT,404.782944045852
746,MEMORIAL BLVD,COMPLETED,MEMORIAL BLVD BIKE LANES,BIKE LANES,NEWPORT,313.375613427585
747,MEMORIAL BLVD,COMPLETED,MEMORIAL BLVD BIKE LANES,BIKE LANES,NEWPORT,615.335463466549
748,MEMORIAL BLVD,COMPLETED,MEMORIAL BLVD BIKE LANES,BIKE LANES,NEWPORT,650.813332168559
749,MEMORIAL BLVD,COMPLETED,MEMORIAL BLVD BIKE LANES,BIKE LANES,NEWPORT,313.116796125616
750,MEMORIAL BLVD,COMPLETED,MEMORIAL BLVD BIKE LANES,BIKE LANES,NEWPORT,82.794208919058
751,MEMORIAL BLVD,COMPLETED,MEMORIAL BLVD BIKE LANES,BIKE LANES,NEWPORT,1342.49810238875
752,MEMORIAL BLVD,COMPLETED,MEMORIAL BLVD BIKE LANES,BIKE LANES,NEWPORT,200.999880614189
753,MEMORIAL BLVD,COMPLETED,MEMORIAL BLVD BIKE LANES,BIKE LANES,NEWPORT,350.79459956749
754,MEMORIAL BLVD,COMPLETED,MEMORIAL BLVD BIKE LANES,BIKE LANES,NEWPORT,167.863710084383
755,MEMORIAL BLVD,COMPLETED,MEMORIAL BLVD BIKE LANES,BIKE LANES,NEWPORT,123.534031757283
756,MEMORIAL BLVD,COMPLETED,MEMORIAL BLVD BIKE LANES,BIKE LANES,NEWPORT,202.378171430223
757,MEMORIAL BLVD,COMPLETED,MEMORIAL BLVD BIKE LANES,BIKE LANES,NEWPORT,9.8095211056108
758,MEMORIAL BLVD,COMPLETED,MEMORIAL BLVD BIKE LANES,BIKE LANES,NEWPORT,217.998115762922
759,MEMORIAL BLVD,COMPLETED,MEMORIAL BLVD BIKE LANES,BIKE LANES,NEWPORT,186.872212013081
760,CODDINGTON HWY,COMPLETED,CODDINGTON HWY “ROAD DIET” BIKE LANES,BIKE LANES,NEWPORT,74.2079464484266
761,CODDINGTON HWY,COMPLETED,CODDINGTON HWY “ROAD DIET” BIKE LANES,BIKE LANES,MIDDLETOWN,146.114277277885
762,CODDINGTON HWY,COMPLETED,CODDINGTON HWY “ROAD DIET” BIKE LANES,BIKE LANES,MIDDLETOWN,257.857916129033
763,CODDINGTON HWY,COMPLETED,CODDINGTON HWY “ROAD DIET” BIKE LANES,BIKE LANES,MIDDLETOWN,92.9765140531777
764,CODDINGTON HWY,COMPLETED,CODDINGTON HWY “ROAD DIET” BIKE LANES,BIKE LANES,MIDDLETOWN,230.623505724509
765,CODDINGTON HWY,COMPLETED,CODDINGTON HWY “ROAD DIET” BIKE LANES,BIKE LANES,NEWPORT,679.139655403249
766,CODDINGTON HWY,COMPLETED,CODDINGTON HWY “ROAD DIET” BIKE LANES,BIKE LANES,NEWPORT,357.668472577618
767,CODDINGTON HWY,COMPLETED,CODDINGTON HWY “ROAD DIET” BIKE LANES,BIKE LANES,NEWPORT,415.39949754905
768,CODDINGTON HWY,COMPLETED,CODDINGTON HWY “ROAD DIET” BIKE LANES,BIKE LANES,MIDDLETOWN,287.268896061292
769,CODDINGTON HWY,COMPLETED,CODDINGTON HWY “ROAD DIET” BIKE LANES,BIKE LANES,MIDDLETOWN,200.625431388062
770,CODDINGTON HWY,COMPLETED,CODDINGTON HWY “ROAD DIET” BIKE LANES,BIKE LANES, ,91.5714793310472
771,CODDINGTON HWY,COMPLETED,CODDINGTON HWY “ROAD DIET” BIKE LANES,BIKE LANES,MIDDLETOWN,201.079327864904
772,CODDINGTON HWY,COMPLETED,CODDINGTON HWY “ROAD DIET” BIKE LANES,BIKE LANES,NEWPORT,162.772744351106
773,CODDINGTON HWY,COMPLETED,CODDINGTON HWY “ROAD DIET” BIKE LANES,BIKE LANES,MIDDLETOWN,137.61655005544
774,CODDINGTON HWY,COMPLETED,CODDINGTON HWY “ROAD DIET” BIKE LANES,BIKE LANES,MIDDLETOWN,722.221958399247
775,CODDINGTON HWY,COMPLETED,CODDINGTON HWY “ROAD DIET” BIKE LANES,BIKE LANES,MIDDLETOWN,76.250542901303
776,CODDINGTON HWY,COMPLETED,CODDINGTON HWY “ROAD DIET” BIKE LANES,BIKE LANES,MIDDLETOWN,213.868659069029
777,CODDINGTON HWY,COMPLETED,CODDINGTON HWY “ROAD DIET” BIKE LANES,BIKE LANES,MIDDLETOWN,207.239470243411
778,CODDINGTON HWY,COMPLETED,CODDINGTON HWY “ROAD DIET” BIKE LANES,BIKE LANES,MIDDLETOWN,198.131900608207
779,CODDINGTON HWY,COMPLETED,CODDINGTON HWY “ROAD DIET” BIKE LANES,BIKE LANES,MIDDLETOWN,206.382675738782
780,AMERICAS CUP AVE,COMPLETED,AMERICAS CUP AVENUE BIKE LANES,BIKE LANES,NEWPORT,61.3025671753753
781,AMERICAS CUP AVE,COMPLETED,AMERICAS CUP AVENUE BIKE LANES,BIKE LANES,NEWPORT,176.548740502998
782,AMERICAS CUP AVE,COMPLETED,AMERICAS CUP AVENUE BIKE LANES,BIKE LANES,NEWPORT,110.203391656501
783,AMERICAS CUP AVE,COMPLETED,AMERICAS CUP AVENUE BIKE LANES,BIKE LANES,NEWPORT,210.796926881672
784,AMERICAS CUP AVE,COMPLETED,AMERICAS CUP AVENUE BIKE LANES,BIKE LANES,NEWPORT,514.530673119061
785,AMERICAS CUP AVE,COMPLETED,AMERICAS CUP AVENUE BIKE LANES,BIKE LANES,NEWPORT,184.4978889255
786,AMERICAS CUP AVE,COMPLETED,AMERICAS CUP AVENUE BIKE LANES,BIKE LANES,NEWPORT,142.491937461251
787,AMERICAS CUP AVE,COMPLETED,AMERICAS CUP AVENUE BIKE LANES,BIKE LANES,NEWPORT,919.945658616126
788,AMERICAS CUP AVE,COMPLETED,AMERICAS CUP AVENUE BIKE LANES,BIKE LANES,NEWPORT,311.078189010148
789,AMERICAS CUP AVE,COMPLETED,AMERICAS CUP AVENUE BIKE LANES,BIKE LANES,NEWPORT,189.768960320318
790,AMERICAS CUP AVE,COMPLETED,AMERICAS CUP AVENUE BIKE LANES,BIKE LANES,NEWPORT,145.102388439835
791,AMERICAS CUP AVE,COMPLETED,AMERICAS CUP AVENUE BIKE LANES,BIKE LANES,NEWPORT,163.382291459562
792,AMERICAS CUP AVE,COMPLETED,AMERICAS CUP AVENUE BIKE LANES,BIKE LANES,NEWPORT,179.363922589129
793,AMERICAS CUP AVE,COMPLETED,AMERICAS CUP AVENUE BIKE LANES,BIKE LANES,NEWPORT,853.642377042514
794,AMERICAS CUP AVE,COMPLETED,AMERICAS CUP AVENUE BIKE LANES,BIKE LANES,NEWPORT,416.380794947513
795,AMERICAS CUP AVE,COMPLETED,AMERICAS CUP AVENUE BIKE LANES,BIKE LANES,NEWPORT,177.331597140091
796,AMERICAS CUP AVE,COMPLETED,AMERICAS CUP AVENUE BIKE LANES,BIKE LANES,NEWPORT,145.30753176171
797,AMERICAS CUP AVE,COMPLETED,AMERICAS CUP AVENUE BIKE LANES,BIKE LANES,NEWPORT,99.9997213774976
798,AMERICAS CUP AVE,COMPLETED,AMERICAS CUP AVENUE BIKE LANES,BIKE LANES,NEWPORT,315.641925260254
799,NA,COMPLETED,EAST BAY BIKE PATH,PATH,EAST PROVIDENCE,21141.8261325873
800,NA,COMPLETED,EAST BAY BIKE PATH,PATH,EAST PROVIDENCE,8373.79967314142
801,NA,DROPPED,NORTHWEST BIKE TRAIL,DROPPED BIKE PROJECT,BURRILLVILLE,7939.7549678069
802,NA,COMPLETED,BURRILLVILLE RAIL TRAIL,DROPPED BIKE PROJECT,BURRILLVILLE,7252.24759967617
803, ,UNDER CONSTRUCTION,COLT STATE PARK BIKE PATH CONNECTOR,PROPOSED ROUTE,BRISTOL,42.5022671185713
804, ,UNDER CONSTRUCTION,COLT STATE PARK BIKE PATH CONNECTOR,PROPOSED ROUTE,BRISTOL,42.7142891530312
805, ,UNDER CONSTRUCTION,COLT STATE PARK BIKE PATH CONNECTOR,PROPOSED ROUTE,BRISTOL,5163.29858693413
806,ASYLUM ROAD,UNDER CONSTRUCTION,COLT STATE PARK BIKE PATH CONNECTOR,PROPOSED ROUTE,BRISTOL,3448.46016433109
807, ,UNDER CONSTRUCTION,COLT STATE PARK BIKE PATH CONNECTOR,PROPOSED ROUTE,BRISTOL,6021.11024404786
808, ,UNDER CONSTRUCTION,COLT STATE PARK BIKE PATH CONNECTOR,PROPOSED ROUTE,BRISTOL,50.787526019654
809, ,UNDER CONSTRUCTION,COLT STATE PARK BIKE PATH CONNECTOR,PROPOSED ROUTE,BRISTOL,22.148082858359
810, ,UNDER CONSTRUCTION,COLT STATE PARK BIKE PATH CONNECTOR,PROPOSED ROUTE,BRISTOL,25.8089865608827
811, ,UNDER CONSTRUCTION,COLT STATE PARK BIKE PATH CONNECTOR,PROPOSED ROUTE,BRISTOL,321.772061774335
